time	V(vgnd)	V(vraw)
0.000000000000000e+00	1.181007e+01	2.362016e+01
1.828571326102845e-09	1.181007e+01	2.362016e+01
3.657142652205690e-09	1.181007e+01	2.362016e+01
5.485713978308534e-09	1.181007e+01	2.362016e+01
7.314285304411379e-09	1.181007e+01	2.362016e+01
9.142856630514225e-09	1.181007e+01	2.362016e+01
1.097142795661707e-08	1.181007e+01	2.362016e+01
1.279999928271991e-08	1.181007e+01	2.362016e+01
2.000000000000000e-03	1.181007e+01	2.362016e+01
2.001000000000000e-03	1.181007e+01	2.362010e+01
2.003000000000000e-03	1.181007e+01	2.361988e+01
2.006000000000000e-03	1.181007e+01	2.361924e+01
2.010000000000000e-03	1.181007e+01	2.361801e+01
2.016057142857143e-03	1.181007e+01	2.361544e+01
2.022114285714286e-03	1.181007e+01	2.361286e+01
2.028171428571429e-03	1.181007e+01	2.361029e+01
2.034228571428571e-03	1.181007e+01	2.360772e+01
2.040285714285715e-03	1.181006e+01	2.360516e+01
2.046342857142857e-03	1.181006e+01	2.360259e+01
2.052400000000000e-03	1.181006e+01	2.360003e+01
2.062400000000000e-03	1.181006e+01	2.359580e+01
2.072400000000000e-03	1.181006e+01	2.359159e+01
2.082400000000000e-03	1.181005e+01	2.358739e+01
2.092400000000000e-03	1.181005e+01	2.358320e+01
2.102400000000000e-03	1.181005e+01	2.357902e+01
2.112400000000000e-03	1.181004e+01	2.357486e+01
2.122400000000000e-03	1.181004e+01	2.357073e+01
2.132400000000000e-03	1.181003e+01	2.356661e+01
2.142400000000000e-03	1.181003e+01	2.356252e+01
2.152400000000000e-03	1.181002e+01	2.355846e+01
2.162400000000001e-03	1.181002e+01	2.355444e+01
2.172400000000001e-03	1.181001e+01	2.355045e+01
2.182400000000001e-03	1.181000e+01	2.354650e+01
2.192400000000001e-03	1.180999e+01	2.354261e+01
2.202400000000001e-03	1.180999e+01	2.353877e+01
2.212400000000001e-03	1.180998e+01	2.353499e+01
2.222400000000001e-03	1.180997e+01	2.353127e+01
2.232400000000001e-03	1.180996e+01	2.352763e+01
2.242400000000001e-03	1.180995e+01	2.352407e+01
2.252400000000001e-03	1.180994e+01	2.352060e+01
2.262400000000001e-03	1.180993e+01	2.351722e+01
2.272400000000001e-03	1.180992e+01	2.351395e+01
2.292400000000001e-03	1.180990e+01	2.350771e+01
2.322400000000001e-03	1.180986e+01	2.349923e+01
2.335257142857144e-03	1.180985e+01	2.349594e+01
2.348114285714287e-03	1.180983e+01	2.349285e+01
2.360971428571430e-03	1.180982e+01	2.348996e+01
2.373828571428573e-03	1.180980e+01	2.348727e+01
2.386685714285716e-03	1.180978e+01	2.348478e+01
2.399542857142858e-03	1.180976e+01	2.348249e+01
2.412400000000001e-03	1.180975e+01	2.348039e+01
2.432400000000001e-03	1.180972e+01	2.347747e+01
2.452400000000001e-03	1.180969e+01	2.347493e+01
2.472400000000001e-03	1.180966e+01	2.347273e+01
2.492400000000001e-03	1.180963e+01	2.347086e+01
2.502400000000001e-03	1.180962e+01	2.347002e+01
2.512400000000001e-03	1.180960e+01	2.346925e+01
2.522400000000001e-03	1.180959e+01	2.346854e+01
2.532400000000001e-03	1.180957e+01	2.346789e+01
2.542400000000002e-03	1.180956e+01	2.346729e+01
2.552400000000002e-03	1.180954e+01	2.346673e+01
2.562400000000002e-03	1.180953e+01	2.346622e+01
2.572400000000002e-03	1.180951e+01	2.346575e+01
2.582400000000002e-03	1.180949e+01	2.346532e+01
2.592400000000002e-03	1.180948e+01	2.346492e+01
2.602400000000002e-03	1.180946e+01	2.346456e+01
2.612400000000002e-03	1.180945e+01	2.346423e+01
2.622400000000002e-03	1.180943e+01	2.346392e+01
2.632400000000002e-03	1.180942e+01	2.346364e+01
2.642400000000002e-03	1.180940e+01	2.346339e+01
2.652400000000002e-03	1.180939e+01	2.346315e+01
2.662400000000002e-03	1.180937e+01	2.346294e+01
2.672400000000002e-03	1.180935e+01	2.346274e+01
2.682400000000002e-03	1.180934e+01	2.346256e+01
2.692400000000002e-03	1.180932e+01	2.346239e+01
2.702400000000002e-03	1.180931e+01	2.346224e+01
2.712400000000002e-03	1.180929e+01	2.346210e+01
2.722400000000002e-03	1.180928e+01	2.346198e+01
2.732400000000002e-03	1.180926e+01	2.346186e+01
2.742400000000002e-03	1.180925e+01	2.346175e+01
2.752400000000002e-03	1.180923e+01	2.346166e+01
2.762400000000002e-03	1.180921e+01	2.346157e+01
2.772400000000002e-03	1.180920e+01	2.346149e+01
2.782400000000002e-03	1.180918e+01	2.346141e+01
2.792400000000002e-03	1.180917e+01	2.346135e+01
2.802400000000002e-03	1.180915e+01	2.346128e+01
2.812400000000002e-03	1.180914e+01	2.346123e+01
2.822400000000002e-03	1.180912e+01	2.346118e+01
2.832400000000002e-03	1.180910e+01	2.346113e+01
2.842400000000002e-03	1.180909e+01	2.346109e+01
2.852400000000002e-03	1.180907e+01	2.346105e+01
2.862400000000002e-03	1.180906e+01	2.346101e+01
2.872400000000002e-03	1.180904e+01	2.346098e+01
2.882400000000002e-03	1.180903e+01	2.346095e+01
2.892400000000002e-03	1.180901e+01	2.346092e+01
2.902400000000002e-03	1.180899e+01	2.346089e+01
2.912400000000002e-03	1.180898e+01	2.346087e+01
2.922400000000003e-03	1.180896e+01	2.346085e+01
2.932400000000003e-03	1.180895e+01	2.346083e+01
2.942400000000003e-03	1.180893e+01	2.346081e+01
2.952400000000003e-03	1.180892e+01	2.346080e+01
2.962400000000003e-03	1.180890e+01	2.346078e+01
2.972400000000003e-03	1.180888e+01	2.346077e+01
2.982400000000003e-03	1.180887e+01	2.346076e+01
2.992400000000003e-03	1.180885e+01	2.346075e+01
3.002400000000003e-03	1.180884e+01	2.346074e+01
3.012400000000003e-03	1.180882e+01	2.346073e+01
3.022400000000003e-03	1.180881e+01	2.346072e+01
3.032400000000003e-03	1.180879e+01	2.346071e+01
3.042400000000003e-03	1.180877e+01	2.346070e+01
3.052400000000003e-03	1.180876e+01	2.346070e+01
3.062400000000003e-03	1.180874e+01	2.346069e+01
3.072400000000003e-03	1.180873e+01	2.346069e+01
3.082400000000003e-03	1.180871e+01	2.346068e+01
3.092400000000003e-03	1.180870e+01	2.346068e+01
3.102400000000003e-03	1.180868e+01	2.346067e+01
3.112400000000003e-03	1.180866e+01	2.346067e+01
3.122400000000003e-03	1.180865e+01	2.346066e+01
3.132400000000003e-03	1.180863e+01	2.346066e+01
3.142400000000003e-03	1.180862e+01	2.346066e+01
3.152400000000003e-03	1.180860e+01	2.346066e+01
3.162400000000003e-03	1.180859e+01	2.346065e+01
3.172400000000003e-03	1.180857e+01	2.346065e+01
3.182400000000003e-03	1.180855e+01	2.346065e+01
3.192400000000003e-03	1.180854e+01	2.346065e+01
3.202400000000003e-03	1.180852e+01	2.346065e+01
3.212400000000003e-03	1.180851e+01	2.346064e+01
3.222400000000003e-03	1.180849e+01	2.346064e+01
3.232400000000003e-03	1.180848e+01	2.346064e+01
3.242400000000003e-03	1.180846e+01	2.346064e+01
3.252400000000003e-03	1.180845e+01	2.346064e+01
3.262400000000003e-03	1.180843e+01	2.346064e+01
3.272400000000003e-03	1.180841e+01	2.346064e+01
3.282400000000003e-03	1.180840e+01	2.346064e+01
3.292400000000003e-03	1.180838e+01	2.346064e+01
3.302400000000004e-03	1.180837e+01	2.346064e+01
3.312400000000004e-03	1.180835e+01	2.346063e+01
3.322400000000004e-03	1.180834e+01	2.346063e+01
3.332400000000004e-03	1.180832e+01	2.346063e+01
3.342400000000004e-03	1.180830e+01	2.346063e+01
3.352400000000004e-03	1.180829e+01	2.346063e+01
3.362400000000004e-03	1.180827e+01	2.346063e+01
3.372400000000004e-03	1.180826e+01	2.346063e+01
3.382400000000004e-03	1.180824e+01	2.346063e+01
3.392400000000004e-03	1.180823e+01	2.346063e+01
3.402400000000004e-03	1.180821e+01	2.346063e+01
3.412400000000004e-03	1.180820e+01	2.346063e+01
3.422400000000004e-03	1.180818e+01	2.346063e+01
3.432400000000004e-03	1.180816e+01	2.346063e+01
3.442400000000004e-03	1.180815e+01	2.346063e+01
3.452400000000004e-03	1.180813e+01	2.346063e+01
3.462400000000004e-03	1.180812e+01	2.346063e+01
3.472400000000004e-03	1.180810e+01	2.346063e+01
3.482400000000004e-03	1.180809e+01	2.346063e+01
3.492400000000004e-03	1.180807e+01	2.346063e+01
3.502400000000004e-03	1.180806e+01	2.346063e+01
3.512400000000004e-03	1.180804e+01	2.346063e+01
3.522400000000004e-03	1.180802e+01	2.346063e+01
3.532400000000004e-03	1.180801e+01	2.346063e+01
3.542400000000004e-03	1.180799e+01	2.346063e+01
3.552400000000004e-03	1.180798e+01	2.346063e+01
3.562400000000004e-03	1.180796e+01	2.346063e+01
3.572400000000004e-03	1.180795e+01	2.346063e+01
3.582400000000004e-03	1.180793e+01	2.346063e+01
3.592400000000004e-03	1.180792e+01	2.346063e+01
3.602400000000004e-03	1.180790e+01	2.346063e+01
3.612400000000004e-03	1.180789e+01	2.346063e+01
3.622400000000004e-03	1.180787e+01	2.346063e+01
3.632400000000004e-03	1.180785e+01	2.346063e+01
3.642400000000004e-03	1.180784e+01	2.346063e+01
3.652400000000004e-03	1.180782e+01	2.346063e+01
3.662400000000004e-03	1.180781e+01	2.346063e+01
3.672400000000004e-03	1.180779e+01	2.346063e+01
3.682400000000005e-03	1.180778e+01	2.346063e+01
3.692400000000005e-03	1.180776e+01	2.346063e+01
3.702400000000005e-03	1.180774e+01	2.346063e+01
3.712400000000005e-03	1.180773e+01	2.346063e+01
3.722400000000005e-03	1.180771e+01	2.346063e+01
3.742400000000005e-03	1.180768e+01	2.346063e+01
3.762400000000005e-03	1.180765e+01	2.346063e+01
3.782400000000005e-03	1.180762e+01	2.346063e+01
3.802400000000005e-03	1.180759e+01	2.346063e+01
3.822400000000005e-03	1.180756e+01	2.346063e+01
3.842400000000005e-03	1.180753e+01	2.346063e+01
3.862400000000005e-03	1.180750e+01	2.346063e+01
3.892400000000005e-03	1.180745e+01	2.346063e+01
3.922400000000005e-03	1.180741e+01	2.346063e+01
3.952400000000003e-03	1.180736e+01	2.346063e+01
3.975257142857146e-03	1.180732e+01	2.346063e+01
3.998114285714287e-03	1.180729e+01	2.346063e+01
4.020971428571429e-03	1.180725e+01	2.346063e+01
4.043828571428571e-03	1.180722e+01	2.346063e+01
4.066685714285713e-03	1.180718e+01	2.346063e+01
4.089542857142855e-03	1.180715e+01	2.346063e+01
4.112399999999997e-03	1.180711e+01	2.346063e+01
4.155257142857138e-03	1.180705e+01	2.346063e+01
4.198114285714279e-03	1.180698e+01	2.346063e+01
4.240971428571420e-03	1.180692e+01	2.346063e+01
4.283828571428562e-03	1.180685e+01	2.346063e+01
4.326685714285703e-03	1.180678e+01	2.346063e+01
4.369542857142843e-03	1.180672e+01	2.346063e+01
4.412399999999985e-03	1.180665e+01	2.346063e+01
5.208114285714239e-03	1.180545e+01	2.346063e+01
6.003828571428492e-03	1.180426e+01	2.346063e+01
6.799542857142745e-03	1.180309e+01	2.346063e+01
7.595257142856999e-03	1.180194e+01	2.346063e+01
8.390971428571252e-03	1.180081e+01	2.346063e+01
9.186685714285506e-03	1.179970e+01	2.346063e+01
9.982399999999758e-03	1.179860e+01	2.346063e+01
9.992399999999757e-03	1.179859e+01	2.346063e+01
1.145382857142827e-02	1.179663e+01	2.346063e+01
1.291525714285678e-02	1.179472e+01	2.346063e+01
1.437668571428529e-02	1.179286e+01	2.346063e+01
1.583811428571381e-02	1.179105e+01	2.346063e+01
1.729954285714232e-02	1.178930e+01	2.346063e+01
1.876097142857083e-02	1.178760e+01	2.346063e+01
2.022239999999934e-02	1.178596e+01	2.346063e+01
2.023239999999934e-02	1.178594e+01	2.346063e+01
2.169382857142785e-02	1.178435e+01	2.346063e+01
2.315525714285637e-02	1.178279e+01	2.346063e+01
2.461668571428488e-02	1.178127e+01	2.346063e+01
2.607811428571339e-02	1.177980e+01	2.346063e+01
2.753954285714191e-02	1.177838e+01	2.346063e+01
2.900097142857042e-02	1.177699e+01	2.346063e+01
3.046239999999893e-02	1.177565e+01	2.346063e+01
3.047239999999892e-02	1.177564e+01	2.346063e+01
3.193382857142790e-02	1.177434e+01	2.346063e+01
3.339525714285689e-02	1.177307e+01	2.346063e+01
3.485668571428586e-02	1.177184e+01	2.346063e+01
3.631811428571485e-02	1.177064e+01	2.346063e+01
3.777954285714383e-02	1.176947e+01	2.346063e+01
3.924097142857282e-02	1.176834e+01	2.346063e+01
4.070240000000179e-02	1.176725e+01	2.346063e+01
4.071240000000179e-02	1.176724e+01	2.346063e+01
4.217382857143082e-02	1.176618e+01	2.346063e+01
4.363525714285983e-02	1.176515e+01	2.346063e+01
4.509668571428885e-02	1.176414e+01	2.346063e+01
4.655811428571787e-02	1.176317e+01	2.346063e+01
4.801954285714689e-02	1.176222e+01	2.346063e+01
4.948097142857591e-02	1.176130e+01	2.346063e+01
5.094240000000493e-02	1.176041e+01	2.346063e+01
5.095240000000493e-02	1.176040e+01	2.346063e+01
5.201000000000000e-02	1.175977e+01	2.346063e+01
5.201100000000000e-02	1.175977e+01	2.346068e+01
5.201300000000000e-02	1.175977e+01	2.346090e+01
5.201600000000001e-02	1.175977e+01	2.346152e+01
5.202000000000000e-02	1.175977e+01	2.346271e+01
5.202748571428572e-02	1.175976e+01	2.346560e+01
5.203497142857143e-02	1.175976e+01	2.346835e+01
5.204245714285715e-02	1.175976e+01	2.347097e+01
5.204994285714286e-02	1.175975e+01	2.347344e+01
5.205742857142857e-02	1.175975e+01	2.347578e+01
5.206491428571429e-02	1.175974e+01	2.347798e+01
5.207240000000000e-02	1.175974e+01	2.348004e+01
5.208240000000001e-02	1.175974e+01	2.348266e+01
5.209240000000001e-02	1.175974e+01	2.348512e+01
5.210240000000001e-02	1.175973e+01	2.348743e+01
5.211240000000002e-02	1.175973e+01	2.348960e+01
5.212240000000002e-02	1.175973e+01	2.349166e+01
5.214240000000003e-02	1.175972e+01	2.349544e+01
5.216240000000003e-02	1.175972e+01	2.349886e+01
5.218240000000004e-02	1.175971e+01	2.350197e+01
5.220240000000004e-02	1.175971e+01	2.350481e+01
5.222240000000005e-02	1.175971e+01	2.350743e+01
5.224240000000006e-02	1.175970e+01	2.350986e+01
5.226240000000006e-02	1.175970e+01	2.351211e+01
5.228240000000007e-02	1.175970e+01	2.351422e+01
5.230240000000008e-02	1.175970e+01	2.351619e+01
5.232240000000008e-02	1.175970e+01	2.351804e+01
5.233240000000008e-02	1.175970e+01	2.351893e+01
5.234240000000009e-02	1.175970e+01	2.351979e+01
5.236240000000009e-02	1.175970e+01	2.352144e+01
5.238240000000010e-02	1.175970e+01	2.352301e+01
5.241240000000011e-02	1.175970e+01	2.352521e+01
5.244240000000012e-02	1.175970e+01	2.352726e+01
5.247097142857156e-02	1.175971e+01	2.352907e+01
5.249954285714299e-02	1.175971e+01	2.353079e+01
5.252811428571443e-02	1.175971e+01	2.353243e+01
5.255668571428587e-02	1.175972e+01	2.353398e+01
5.258525714285731e-02	1.175972e+01	2.353545e+01
5.261382857142874e-02	1.175973e+01	2.353683e+01
5.264240000000018e-02	1.175973e+01	2.353814e+01
5.268240000000019e-02	1.175974e+01	2.353986e+01
5.272240000000020e-02	1.175975e+01	2.354151e+01
5.276240000000022e-02	1.175976e+01	2.354307e+01
5.280240000000023e-02	1.175977e+01	2.354456e+01
5.284240000000024e-02	1.175978e+01	2.354596e+01
5.288240000000025e-02	1.175979e+01	2.354728e+01
5.292240000000027e-02	1.175980e+01	2.354853e+01
5.297811428571457e-02	1.175982e+01	2.355017e+01
5.303382857142887e-02	1.175983e+01	2.355173e+01
5.308954285714317e-02	1.175985e+01	2.355322e+01
5.314525714285748e-02	1.175987e+01	2.355463e+01
5.320097142857178e-02	1.175989e+01	2.355597e+01
5.325668571428608e-02	1.175991e+01	2.355723e+01
5.331240000000038e-02	1.175993e+01	2.355841e+01
5.339097142857184e-02	1.175996e+01	2.355999e+01
5.346954285714329e-02	1.175999e+01	2.356149e+01
5.354811428571474e-02	1.176003e+01	2.356292e+01
5.362668571428619e-02	1.176006e+01	2.356428e+01
5.370525714285765e-02	1.176010e+01	2.356556e+01
5.378382857142910e-02	1.176013e+01	2.356677e+01
5.386240000000055e-02	1.176017e+01	2.356790e+01
5.397240000000059e-02	1.176022e+01	2.356940e+01
5.408240000000062e-02	1.176028e+01	2.357083e+01
5.419240000000065e-02	1.176033e+01	2.357219e+01
5.430240000000069e-02	1.176039e+01	2.357347e+01
5.441240000000072e-02	1.176045e+01	2.357469e+01
5.452240000000075e-02	1.176051e+01	2.357583e+01
5.463240000000079e-02	1.176057e+01	2.357690e+01
5.478525714285798e-02	1.176066e+01	2.357831e+01
5.493811428571517e-02	1.176074e+01	2.357964e+01
5.509097142857236e-02	1.176083e+01	2.358091e+01
5.524382857142954e-02	1.176092e+01	2.358212e+01
5.539668571428673e-02	1.176102e+01	2.358325e+01
5.554954285714393e-02	1.176111e+01	2.358431e+01
5.570240000000112e-02	1.176121e+01	2.358531e+01
5.591240000000118e-02	1.176134e+01	2.358660e+01
5.612240000000124e-02	1.176148e+01	2.358783e+01
5.633240000000131e-02	1.176161e+01	2.358899e+01
5.654240000000137e-02	1.176175e+01	2.359009e+01
5.675240000000144e-02	1.176189e+01	2.359113e+01
5.696240000000150e-02	1.176203e+01	2.359209e+01
5.717240000000157e-02	1.176218e+01	2.359300e+01
5.745525714285880e-02	1.176237e+01	2.359415e+01
5.773811428571603e-02	1.176257e+01	2.359524e+01
5.802097142857326e-02	1.176277e+01	2.359627e+01
5.830382857143048e-02	1.176297e+01	2.359724e+01
5.858668571428771e-02	1.176317e+01	2.359815e+01
5.886954285714494e-02	1.176338e+01	2.359901e+01
5.915240000000217e-02	1.176358e+01	2.359980e+01
5.943240000000226e-02	1.176379e+01	2.360055e+01
5.971240000000234e-02	1.176399e+01	2.360127e+01
5.999240000000243e-02	1.176420e+01	2.360195e+01
6.027240000000252e-02	1.176440e+01	2.360261e+01
6.055240000000260e-02	1.176461e+01	2.360323e+01
6.083240000000269e-02	1.176482e+01	2.360382e+01
6.111240000000277e-02	1.176502e+01	2.360437e+01
6.112240000000278e-02	1.176503e+01	2.360439e+01
6.157811428571702e-02	1.176537e+01	2.360524e+01
6.203382857143126e-02	1.176571e+01	2.360604e+01
6.248954285714551e-02	1.176605e+01	2.360679e+01
6.294525714285976e-02	1.176639e+01	2.360750e+01
6.340097142857400e-02	1.176673e+01	2.360815e+01
6.385668571428825e-02	1.176707e+01	2.360876e+01
6.431240000000249e-02	1.176741e+01	2.360933e+01
6.488097142857370e-02	1.176783e+01	2.360998e+01
6.544954285714491e-02	1.176826e+01	2.361060e+01
6.601811428571612e-02	1.176868e+01	2.361118e+01
6.658668571428732e-02	1.176909e+01	2.361172e+01
6.715525714285853e-02	1.176951e+01	2.361222e+01
6.772382857142974e-02	1.176993e+01	2.361268e+01
6.829240000000095e-02	1.177034e+01	2.361311e+01
6.872954285714364e-02	1.177066e+01	2.361342e+01
6.916668571428632e-02	1.177097e+01	2.361371e+01
6.960382857142901e-02	1.177128e+01	2.361400e+01
7.004097142857170e-02	1.177159e+01	2.361427e+01
7.047811428571439e-02	1.177190e+01	2.361452e+01
7.091525714285707e-02	1.177221e+01	2.361477e+01
7.135239999999976e-02	1.177252e+01	2.361500e+01
7.136239999999976e-02	1.177252e+01	2.361500e+01
7.211239999999947e-02	1.177305e+01	2.361537e+01
7.286239999999918e-02	1.177356e+01	2.361571e+01
7.361239999999888e-02	1.177408e+01	2.361603e+01
7.436239999999859e-02	1.177458e+01	2.361632e+01
7.511239999999830e-02	1.177508e+01	2.361659e+01
7.586239999999801e-02	1.177558e+01	2.361684e+01
7.661239999999772e-02	1.177607e+01	2.361707e+01
7.732382857142601e-02	1.177653e+01	2.361727e+01
7.803525714285431e-02	1.177698e+01	2.361746e+01
7.874668571428260e-02	1.177743e+01	2.361763e+01
7.945811428571091e-02	1.177787e+01	2.361780e+01
8.016954285713920e-02	1.177831e+01	2.361795e+01
8.088097142856750e-02	1.177875e+01	2.361809e+01
8.159239999999579e-02	1.177917e+01	2.361822e+01
8.160239999999579e-02	1.177918e+01	2.361822e+01
8.249668571428115e-02	1.177971e+01	2.361837e+01
8.339097142856652e-02	1.178023e+01	2.361851e+01
8.428525714285189e-02	1.178075e+01	2.361864e+01
8.517954285713726e-02	1.178126e+01	2.361876e+01
8.607382857142262e-02	1.178175e+01	2.361887e+01
8.696811428570800e-02	1.178225e+01	2.361897e+01
8.786239999999336e-02	1.178273e+01	2.361906e+01
8.842954285713600e-02	1.178303e+01	2.361911e+01
8.899668571427863e-02	1.178333e+01	2.361917e+01
8.956382857142127e-02	1.178363e+01	2.361921e+01
9.013097142856391e-02	1.178392e+01	2.361926e+01
9.069811428570655e-02	1.178421e+01	2.361930e+01
9.126525714284918e-02	1.178450e+01	2.361935e+01
9.183239999999182e-02	1.178478e+01	2.361938e+01
9.184239999999182e-02	1.178479e+01	2.361938e+01
9.280668571427715e-02	1.178526e+01	2.361945e+01
9.377097142856250e-02	1.178573e+01	2.361950e+01
9.473525714284783e-02	1.178619e+01	2.361955e+01
9.569954285713318e-02	1.178664e+01	2.361960e+01
9.666382857141852e-02	1.178708e+01	2.361965e+01
9.762811428570387e-02	1.178751e+01	2.361969e+01
9.859239999998920e-02	1.178794e+01	2.361972e+01
9.907919999999075e-02	1.178815e+01	2.361974e+01
9.956599999999229e-02	1.178836e+01	2.361975e+01
1.000527999999938e-01	1.178857e+01	2.361977e+01
1.005395999999954e-01	1.178878e+01	2.361979e+01
1.010263999999969e-01	1.178898e+01	2.361980e+01
1.015131999999985e-01	1.178919e+01	2.361981e+01
1.020000000000000e-01	1.178939e+01	2.361983e+01
1.020030000000000e-01	1.178939e+01	2.361955e+01
1.020060000000000e-01	1.178939e+01	2.361891e+01
1.020100000000000e-01	1.178939e+01	2.361768e+01
1.020160000000000e-01	1.178939e+01	2.361513e+01
1.020224000000000e-01	1.178939e+01	2.361241e+01
1.020324000000000e-01	1.178940e+01	2.360817e+01
1.020424000000000e-01	1.178940e+01	2.360393e+01
1.020524000000000e-01	1.178940e+01	2.359970e+01
1.020624000000000e-01	1.178940e+01	2.359547e+01
1.020724000000000e-01	1.178941e+01	2.359126e+01
1.020824000000000e-01	1.178941e+01	2.358706e+01
1.020924000000000e-01	1.178941e+01	2.358287e+01
1.021024000000000e-01	1.178941e+01	2.357870e+01
1.021124000000000e-01	1.178941e+01	2.357454e+01
1.021224000000000e-01	1.178941e+01	2.357040e+01
1.021324000000000e-01	1.178941e+01	2.356629e+01
1.021424000000000e-01	1.178940e+01	2.356220e+01
1.021524000000000e-01	1.178940e+01	2.355814e+01
1.021624000000000e-01	1.178940e+01	2.355412e+01
1.021724000000000e-01	1.178940e+01	2.355014e+01
1.021824000000000e-01	1.178940e+01	2.354620e+01
1.021923999999999e-01	1.178939e+01	2.354230e+01
1.022023999999999e-01	1.178939e+01	2.353847e+01
1.022123999999999e-01	1.178938e+01	2.353469e+01
1.022223999999999e-01	1.178938e+01	2.353098e+01
1.022323999999999e-01	1.178937e+01	2.352735e+01
1.022423999999999e-01	1.178937e+01	2.352380e+01
1.022523999999999e-01	1.178936e+01	2.352033e+01
1.022623999999999e-01	1.178936e+01	2.351696e+01
1.022723999999999e-01	1.178935e+01	2.351369e+01
1.022923999999999e-01	1.178934e+01	2.350747e+01
1.023223999999999e-01	1.178931e+01	2.349902e+01
1.023523999999999e-01	1.178929e+01	2.349168e+01
1.023823999999999e-01	1.178926e+01	2.348545e+01
1.024123999999999e-01	1.178923e+01	2.348027e+01
1.024323999999999e-01	1.178921e+01	2.347736e+01
1.024523999999998e-01	1.178919e+01	2.347483e+01
1.024723999999998e-01	1.178917e+01	2.347265e+01
1.024823999999998e-01	1.178916e+01	2.347169e+01
1.024923999999998e-01	1.178915e+01	2.347079e+01
1.025023999999998e-01	1.178914e+01	2.346996e+01
1.025123999999998e-01	1.178913e+01	2.346919e+01
1.025223999999998e-01	1.178912e+01	2.346849e+01
1.025323999999998e-01	1.178911e+01	2.346784e+01
1.025423999999998e-01	1.178910e+01	2.346724e+01
1.025523999999998e-01	1.178908e+01	2.346669e+01
1.025623999999998e-01	1.178907e+01	2.346618e+01
1.025723999999998e-01	1.178906e+01	2.346572e+01
1.025823999999998e-01	1.178905e+01	2.346529e+01
1.025923999999998e-01	1.178904e+01	2.346489e+01
1.026023999999998e-01	1.178903e+01	2.346453e+01
1.026123999999998e-01	1.178902e+01	2.346420e+01
1.026223999999998e-01	1.178901e+01	2.346390e+01
1.026323999999998e-01	1.178899e+01	2.346362e+01
1.026423999999998e-01	1.178898e+01	2.346337e+01
1.026523999999998e-01	1.178897e+01	2.346313e+01
1.026623999999998e-01	1.178896e+01	2.346292e+01
1.026723999999998e-01	1.178895e+01	2.346272e+01
1.026823999999998e-01	1.178894e+01	2.346254e+01
1.026923999999998e-01	1.178893e+01	2.346238e+01
1.027023999999997e-01	1.178891e+01	2.346223e+01
1.027123999999997e-01	1.178890e+01	2.346209e+01
1.027223999999997e-01	1.178889e+01	2.346197e+01
1.027323999999997e-01	1.178888e+01	2.346185e+01
1.027423999999997e-01	1.178887e+01	2.346175e+01
1.027523999999997e-01	1.178886e+01	2.346165e+01
1.027623999999997e-01	1.178884e+01	2.346156e+01
1.027723999999997e-01	1.178883e+01	2.346148e+01
1.027823999999997e-01	1.178882e+01	2.346141e+01
1.027923999999997e-01	1.178881e+01	2.346134e+01
1.028023999999997e-01	1.178880e+01	2.346128e+01
1.028123999999997e-01	1.178879e+01	2.346122e+01
1.028223999999997e-01	1.178877e+01	2.346117e+01
1.028323999999997e-01	1.178876e+01	2.346112e+01
1.028423999999997e-01	1.178875e+01	2.346108e+01
1.028523999999997e-01	1.178874e+01	2.346104e+01
1.028623999999997e-01	1.178873e+01	2.346101e+01
1.028723999999997e-01	1.178872e+01	2.346097e+01
1.028823999999997e-01	1.178870e+01	2.346095e+01
1.028923999999997e-01	1.178869e+01	2.346092e+01
1.029023999999997e-01	1.178868e+01	2.346089e+01
1.029123999999997e-01	1.178867e+01	2.346087e+01
1.029223999999997e-01	1.178866e+01	2.346085e+01
1.029323999999997e-01	1.178865e+01	2.346083e+01
1.029423999999997e-01	1.178863e+01	2.346081e+01
1.029523999999997e-01	1.178862e+01	2.346080e+01
1.029623999999996e-01	1.178861e+01	2.346078e+01
1.029723999999996e-01	1.178860e+01	2.346077e+01
1.029823999999996e-01	1.178859e+01	2.346076e+01
1.029923999999996e-01	1.178858e+01	2.346074e+01
1.030023999999996e-01	1.178856e+01	2.346074e+01
1.030123999999996e-01	1.178855e+01	2.346073e+01
1.030223999999996e-01	1.178854e+01	2.346072e+01
1.030323999999996e-01	1.178853e+01	2.346071e+01
1.030423999999996e-01	1.178852e+01	2.346070e+01
1.030523999999996e-01	1.178851e+01	2.346070e+01
1.030623999999996e-01	1.178850e+01	2.346069e+01
1.030723999999996e-01	1.178848e+01	2.346068e+01
1.030823999999996e-01	1.178847e+01	2.346068e+01
1.030923999999996e-01	1.178846e+01	2.346067e+01
1.031023999999996e-01	1.178845e+01	2.346067e+01
1.031123999999996e-01	1.178844e+01	2.346067e+01
1.031223999999996e-01	1.178843e+01	2.346066e+01
1.031323999999996e-01	1.178841e+01	2.346066e+01
1.031423999999996e-01	1.178840e+01	2.346066e+01
1.031523999999996e-01	1.178839e+01	2.346066e+01
1.031623999999996e-01	1.178838e+01	2.346065e+01
1.031723999999996e-01	1.178837e+01	2.346065e+01
1.031823999999996e-01	1.178836e+01	2.346065e+01
1.031923999999996e-01	1.178834e+01	2.346065e+01
1.032023999999996e-01	1.178833e+01	2.346065e+01
1.032123999999996e-01	1.178832e+01	2.346064e+01
1.032223999999995e-01	1.178831e+01	2.346064e+01
1.032323999999995e-01	1.178830e+01	2.346064e+01
1.032423999999995e-01	1.178829e+01	2.346064e+01
1.032523999999995e-01	1.178827e+01	2.346064e+01
1.032623999999995e-01	1.178826e+01	2.346064e+01
1.032723999999995e-01	1.178825e+01	2.346064e+01
1.032823999999995e-01	1.178824e+01	2.346064e+01
1.032923999999995e-01	1.178823e+01	2.346064e+01
1.033023999999995e-01	1.178822e+01	2.346063e+01
1.033123999999995e-01	1.178821e+01	2.346063e+01
1.033223999999995e-01	1.178819e+01	2.346063e+01
1.033323999999995e-01	1.178818e+01	2.346063e+01
1.033423999999995e-01	1.178817e+01	2.346063e+01
1.033523999999995e-01	1.178816e+01	2.346063e+01
1.033623999999995e-01	1.178815e+01	2.346063e+01
1.033723999999995e-01	1.178814e+01	2.346063e+01
1.033823999999995e-01	1.178812e+01	2.346063e+01
1.033923999999995e-01	1.178811e+01	2.346063e+01
1.034023999999995e-01	1.178810e+01	2.346063e+01
1.034123999999995e-01	1.178809e+01	2.346063e+01
1.034223999999995e-01	1.178808e+01	2.346063e+01
1.034323999999995e-01	1.178807e+01	2.346063e+01
1.034423999999995e-01	1.178805e+01	2.346063e+01
1.034523999999995e-01	1.178804e+01	2.346063e+01
1.034623999999995e-01	1.178803e+01	2.346063e+01
1.034723999999995e-01	1.178802e+01	2.346063e+01
1.034823999999994e-01	1.178801e+01	2.346063e+01
1.034923999999994e-01	1.178800e+01	2.346063e+01
1.035023999999994e-01	1.178798e+01	2.346063e+01
1.035123999999994e-01	1.178797e+01	2.346063e+01
1.035223999999994e-01	1.178796e+01	2.346063e+01
1.035323999999994e-01	1.178795e+01	2.346063e+01
1.035423999999994e-01	1.178794e+01	2.346063e+01
1.035523999999994e-01	1.178793e+01	2.346063e+01
1.035623999999994e-01	1.178792e+01	2.346063e+01
1.035723999999994e-01	1.178790e+01	2.346063e+01
1.035823999999994e-01	1.178789e+01	2.346063e+01
1.035923999999994e-01	1.178788e+01	2.346063e+01
1.036023999999994e-01	1.178787e+01	2.346063e+01
1.036123999999994e-01	1.178786e+01	2.346063e+01
1.036223999999994e-01	1.178785e+01	2.346063e+01
1.036323999999994e-01	1.178784e+01	2.346063e+01
1.036423999999994e-01	1.178782e+01	2.346063e+01
1.036523999999994e-01	1.178781e+01	2.346063e+01
1.036623999999994e-01	1.178780e+01	2.346063e+01
1.036723999999994e-01	1.178779e+01	2.346063e+01
1.036823999999994e-01	1.178778e+01	2.346063e+01
1.036923999999994e-01	1.178777e+01	2.346063e+01
1.037023999999994e-01	1.178776e+01	2.346063e+01
1.037123999999994e-01	1.178774e+01	2.346063e+01
1.037223999999994e-01	1.178773e+01	2.346063e+01
1.037423999999993e-01	1.178771e+01	2.346063e+01
1.037623999999993e-01	1.178769e+01	2.346063e+01
1.037823999999993e-01	1.178766e+01	2.346063e+01
1.038023999999993e-01	1.178764e+01	2.346063e+01
1.038223999999993e-01	1.178762e+01	2.346063e+01
1.038423999999993e-01	1.178759e+01	2.346063e+01
1.038623999999993e-01	1.178757e+01	2.346063e+01
1.038923999999993e-01	1.178754e+01	2.346063e+01
1.039223999999993e-01	1.178750e+01	2.346063e+01
1.039523999999993e-01	1.178747e+01	2.346063e+01
1.039752571428564e-01	1.178744e+01	2.346063e+01
1.039981142857135e-01	1.178742e+01	2.346063e+01
1.040209714285707e-01	1.178739e+01	2.346063e+01
1.040438285714278e-01	1.178736e+01	2.346063e+01
1.040666857142849e-01	1.178734e+01	2.346063e+01
1.040895428571421e-01	1.178731e+01	2.346063e+01
1.041123999999992e-01	1.178729e+01	2.346063e+01
1.041552571428563e-01	1.178724e+01	2.346063e+01
1.041981142857135e-01	1.178719e+01	2.346063e+01
1.042409714285706e-01	1.178714e+01	2.346063e+01
1.042838285714277e-01	1.178709e+01	2.346063e+01
1.043266857142848e-01	1.178704e+01	2.346063e+01
1.043695428571420e-01	1.178699e+01	2.346063e+01
1.044123999999991e-01	1.178695e+01	2.346063e+01
1.054895428571415e-01	1.178574e+01	2.346063e+01
1.065666857142840e-01	1.178456e+01	2.346063e+01
1.076438285714264e-01	1.178340e+01	2.346063e+01
1.087209714285688e-01	1.178227e+01	2.346063e+01
1.097981142857113e-01	1.178116e+01	2.346063e+01
1.108752571428537e-01	1.178008e+01	2.346063e+01
1.119523999999962e-01	1.177902e+01	2.346063e+01
1.122523999999960e-01	1.177872e+01	2.346063e+01
1.137138285714240e-01	1.177733e+01	2.346063e+01
1.151752571428521e-01	1.177598e+01	2.346063e+01
1.166366857142801e-01	1.177466e+01	2.346063e+01
1.180981142857081e-01	1.177338e+01	2.346063e+01
1.195595428571361e-01	1.177214e+01	2.346063e+01
1.210209714285641e-01	1.177093e+01	2.346063e+01
1.224823999999921e-01	1.176976e+01	2.346063e+01
1.224923999999921e-01	1.176976e+01	2.346063e+01
1.239538285714216e-01	1.176862e+01	2.346063e+01
1.254152571428511e-01	1.176752e+01	2.346063e+01
1.268766857142807e-01	1.176645e+01	2.346063e+01
1.283381142857102e-01	1.176540e+01	2.346063e+01
1.297995428571398e-01	1.176439e+01	2.346063e+01
1.312609714285693e-01	1.176341e+01	2.346063e+01
1.327223999999988e-01	1.176246e+01	2.346063e+01
1.327323999999988e-01	1.176245e+01	2.346063e+01
1.341938285714289e-01	1.176153e+01	2.346063e+01
1.356552571428589e-01	1.176063e+01	2.346063e+01
1.371166857142889e-01	1.175975e+01	2.346063e+01
1.385781142857190e-01	1.175890e+01	2.346063e+01
1.400395428571490e-01	1.175808e+01	2.346063e+01
1.415009714285790e-01	1.175728e+01	2.346063e+01
1.429624000000091e-01	1.175650e+01	2.346063e+01
1.429724000000091e-01	1.175650e+01	2.346063e+01
1.442634857142935e-01	1.175583e+01	2.346063e+01
1.455545714285779e-01	1.175518e+01	2.346063e+01
1.468456571428623e-01	1.175454e+01	2.346063e+01
1.481367428571468e-01	1.175393e+01	2.346063e+01
1.494278285714312e-01	1.175332e+01	2.346063e+01
1.507189142857156e-01	1.175274e+01	2.346063e+01
1.520100000000000e-01	1.175217e+01	2.346063e+01
1.520110000000000e-01	1.175216e+01	2.346068e+01
1.520130000000000e-01	1.175216e+01	2.346090e+01
1.520160000000000e-01	1.175216e+01	2.346152e+01
1.520200000000000e-01	1.175216e+01	2.346271e+01
1.520274857142857e-01	1.175216e+01	2.346560e+01
1.520349714285715e-01	1.175216e+01	2.346835e+01
1.520424571428572e-01	1.175215e+01	2.347097e+01
1.520499428571429e-01	1.175215e+01	2.347344e+01
1.520574285714286e-01	1.175215e+01	2.347578e+01
1.520649142857144e-01	1.175215e+01	2.347798e+01
1.520724000000001e-01	1.175214e+01	2.348004e+01
1.520824000000001e-01	1.175214e+01	2.348266e+01
1.520924000000001e-01	1.175214e+01	2.348512e+01
1.521024000000001e-01	1.175214e+01	2.348743e+01
1.521124000000001e-01	1.175214e+01	2.348960e+01
1.521224000000001e-01	1.175214e+01	2.349166e+01
1.521324000000001e-01	1.175213e+01	2.349360e+01
1.521424000000001e-01	1.175213e+01	2.349544e+01
1.521524000000002e-01	1.175213e+01	2.349719e+01
1.521624000000002e-01	1.175213e+01	2.349886e+01
1.521724000000002e-01	1.175213e+01	2.350045e+01
1.521824000000002e-01	1.175213e+01	2.350197e+01
1.521924000000002e-01	1.175213e+01	2.350342e+01
1.522024000000002e-01	1.175213e+01	2.350481e+01
1.522124000000002e-01	1.175213e+01	2.350615e+01
1.522224000000002e-01	1.175213e+01	2.350743e+01
1.522324000000002e-01	1.175213e+01	2.350867e+01
1.522524000000003e-01	1.175213e+01	2.351101e+01
1.522724000000003e-01	1.175213e+01	2.351318e+01
1.523024000000003e-01	1.175214e+01	2.351619e+01
1.523324000000003e-01	1.175214e+01	2.351892e+01
1.523624000000004e-01	1.175215e+01	2.352144e+01
1.523866857142861e-01	1.175215e+01	2.352331e+01
1.524109714285719e-01	1.175215e+01	2.352509e+01
1.524352571428576e-01	1.175216e+01	2.352678e+01
1.524595428571433e-01	1.175217e+01	2.352838e+01
1.524838285714291e-01	1.175217e+01	2.352990e+01
1.525081142857148e-01	1.175218e+01	2.353133e+01
1.525324000000005e-01	1.175218e+01	2.353267e+01
1.525652571428577e-01	1.175219e+01	2.353440e+01
1.525981142857149e-01	1.175220e+01	2.353604e+01
1.526309714285721e-01	1.175222e+01	2.353761e+01
1.526638285714292e-01	1.175223e+01	2.353909e+01
1.526966857142864e-01	1.175224e+01	2.354050e+01
1.527295428571436e-01	1.175225e+01	2.354183e+01
1.527624000000008e-01	1.175226e+01	2.354308e+01
1.528095428571437e-01	1.175228e+01	2.354478e+01
1.528566857142866e-01	1.175230e+01	2.354640e+01
1.529038285714295e-01	1.175232e+01	2.354794e+01
1.529509714285724e-01	1.175234e+01	2.354940e+01
1.529981142857153e-01	1.175236e+01	2.355078e+01
1.530452571428582e-01	1.175238e+01	2.355208e+01
1.530924000000011e-01	1.175241e+01	2.355330e+01
1.531424000000011e-01	1.175243e+01	2.355455e+01
1.532109714285727e-01	1.175247e+01	2.355616e+01
1.532795428571442e-01	1.175250e+01	2.355769e+01
1.533481142857157e-01	1.175254e+01	2.355914e+01
1.534166857142871e-01	1.175258e+01	2.356052e+01
1.534852571428586e-01	1.175261e+01	2.356182e+01
1.535538285714301e-01	1.175265e+01	2.356305e+01
1.536224000000016e-01	1.175269e+01	2.356420e+01
1.537181142857160e-01	1.175275e+01	2.356572e+01
1.538138285714304e-01	1.175281e+01	2.356718e+01
1.539095428571448e-01	1.175287e+01	2.356855e+01
1.540052571428591e-01	1.175293e+01	2.356986e+01
1.541009714285735e-01	1.175299e+01	2.357110e+01
1.541966857142879e-01	1.175305e+01	2.357226e+01
1.542924000000023e-01	1.175312e+01	2.357335e+01
1.544252571428596e-01	1.175321e+01	2.357479e+01
1.545581142857169e-01	1.175330e+01	2.357615e+01
1.546909714285741e-01	1.175339e+01	2.357745e+01
1.548238285714314e-01	1.175349e+01	2.357867e+01
1.549566857142887e-01	1.175358e+01	2.357983e+01
1.550895428571460e-01	1.175368e+01	2.358092e+01
1.552224000000032e-01	1.175378e+01	2.358194e+01
1.554066857142891e-01	1.175392e+01	2.358328e+01
1.555909714285750e-01	1.175406e+01	2.358456e+01
1.557752571428609e-01	1.175420e+01	2.358577e+01
1.559595428571468e-01	1.175434e+01	2.358691e+01
1.561438285714327e-01	1.175449e+01	2.358798e+01
1.563281142857186e-01	1.175463e+01	2.358899e+01
1.565124000000045e-01	1.175478e+01	2.358993e+01
1.567638285714333e-01	1.175498e+01	2.359114e+01
1.570152571428622e-01	1.175519e+01	2.359230e+01
1.572666857142910e-01	1.175539e+01	2.359339e+01
1.575181142857198e-01	1.175560e+01	2.359442e+01
1.577695428571486e-01	1.175581e+01	2.359538e+01
1.580209714285775e-01	1.175602e+01	2.359629e+01
1.582724000000063e-01	1.175624e+01	2.359713e+01
1.586081142857209e-01	1.175652e+01	2.359819e+01
1.589438285714355e-01	1.175681e+01	2.359919e+01
1.592795428571502e-01	1.175710e+01	2.360014e+01
1.596152571428648e-01	1.175738e+01	2.360103e+01
1.599509714285794e-01	1.175767e+01	2.360186e+01
1.602866857142940e-01	1.175796e+01	2.360264e+01
1.606224000000086e-01	1.175826e+01	2.360336e+01
1.610152571428662e-01	1.175860e+01	2.360416e+01
1.614081142857237e-01	1.175894e+01	2.360492e+01
1.618009714285812e-01	1.175928e+01	2.360564e+01
1.621938285714388e-01	1.175962e+01	2.360631e+01
1.625866857142963e-01	1.175997e+01	2.360695e+01
1.629795428571539e-01	1.176031e+01	2.360754e+01
1.633724000000114e-01	1.176065e+01	2.360810e+01
1.633824000000114e-01	1.176066e+01	2.360811e+01
1.639209714285834e-01	1.176112e+01	2.360882e+01
1.644595428571553e-01	1.176159e+01	2.360949e+01
1.649981142857273e-01	1.176205e+01	2.361011e+01
1.655366857142992e-01	1.176251e+01	2.361070e+01
1.660752571428712e-01	1.176297e+01	2.361124e+01
1.666138285714432e-01	1.176343e+01	2.361174e+01
1.671524000000152e-01	1.176389e+01	2.361220e+01
1.678038285714444e-01	1.176444e+01	2.361272e+01
1.684552571428736e-01	1.176498e+01	2.361321e+01
1.691066857143028e-01	1.176552e+01	2.361366e+01
1.697581142857321e-01	1.176606e+01	2.361409e+01
1.704095428571613e-01	1.176659e+01	2.361448e+01
1.710609714285905e-01	1.176712e+01	2.361484e+01
1.717124000000197e-01	1.176764e+01	2.361517e+01
1.719838285714486e-01	1.176786e+01	2.361530e+01
1.722552571428774e-01	1.176807e+01	2.361543e+01
1.725266857143062e-01	1.176829e+01	2.361556e+01
1.727981142857351e-01	1.176850e+01	2.361568e+01
1.730695428571639e-01	1.176871e+01	2.361580e+01
1.733409714285928e-01	1.176892e+01	2.361591e+01
1.736124000000216e-01	1.176914e+01	2.361602e+01
1.736224000000216e-01	1.176914e+01	2.361602e+01
1.744138285714510e-01	1.176976e+01	2.361633e+01
1.752052571428803e-01	1.177036e+01	2.361661e+01
1.759966857143097e-01	1.177096e+01	2.361687e+01
1.767881142857391e-01	1.177155e+01	2.361711e+01
1.775795428571685e-01	1.177213e+01	2.361733e+01
1.783709714285978e-01	1.177270e+01	2.361754e+01
1.791624000000272e-01	1.177327e+01	2.361772e+01
1.798324000000278e-01	1.177374e+01	2.361787e+01
1.805024000000285e-01	1.177421e+01	2.361800e+01
1.811724000000292e-01	1.177467e+01	2.361813e+01
1.818424000000299e-01	1.177513e+01	2.361826e+01
1.825124000000305e-01	1.177559e+01	2.361837e+01
1.831824000000312e-01	1.177603e+01	2.361848e+01
1.838524000000319e-01	1.177647e+01	2.361857e+01
1.838624000000319e-01	1.177648e+01	2.361858e+01
1.847766857143185e-01	1.177708e+01	2.361870e+01
1.856909714286051e-01	1.177766e+01	2.361881e+01
1.866052571428918e-01	1.177824e+01	2.361892e+01
1.875195428571784e-01	1.177880e+01	2.361902e+01
1.884338285714650e-01	1.177936e+01	2.361911e+01
1.893481142857517e-01	1.177991e+01	2.361919e+01
1.902624000000383e-01	1.178045e+01	2.361926e+01
1.908095428571817e-01	1.178076e+01	2.361930e+01
1.913566857143251e-01	1.178108e+01	2.361934e+01
1.919038285714685e-01	1.178139e+01	2.361938e+01
1.924509714286119e-01	1.178170e+01	2.361942e+01
1.929981142857553e-01	1.178200e+01	2.361945e+01
1.935452571428987e-01	1.178230e+01	2.361948e+01
1.940924000000421e-01	1.178260e+01	2.361951e+01
1.941024000000421e-01	1.178261e+01	2.361951e+01
1.950781142857574e-01	1.178313e+01	2.361956e+01
1.960538285714726e-01	1.178365e+01	2.361961e+01
1.970295428571879e-01	1.178415e+01	2.361965e+01
1.980052571429032e-01	1.178465e+01	2.361969e+01
1.989809714286184e-01	1.178513e+01	2.361973e+01
1.999566857143337e-01	1.178561e+01	2.361976e+01
2.009324000000489e-01	1.178608e+01	2.361979e+01
2.020000000000000e-01	1.178658e+01	2.361982e+01
2.020030000000000e-01	1.178659e+01	2.361954e+01
2.020060000000000e-01	1.178659e+01	2.361890e+01
2.020100000000000e-01	1.178659e+01	2.361767e+01
2.020160571428572e-01	1.178659e+01	2.361510e+01
2.020221142857143e-01	1.178659e+01	2.361252e+01
2.020281714285715e-01	1.178660e+01	2.360995e+01
2.020342285714286e-01	1.178660e+01	2.360739e+01
2.020402857142857e-01	1.178660e+01	2.360482e+01
2.020463428571429e-01	1.178660e+01	2.360225e+01
2.020524000000000e-01	1.178660e+01	2.359969e+01
2.020624000000000e-01	1.178661e+01	2.359547e+01
2.020724000000000e-01	1.178661e+01	2.359126e+01
2.020824000000001e-01	1.178661e+01	2.358705e+01
2.020924000000001e-01	1.178661e+01	2.358286e+01
2.021024000000001e-01	1.178661e+01	2.357869e+01
2.021124000000001e-01	1.178661e+01	2.357453e+01
2.021224000000001e-01	1.178661e+01	2.357040e+01
2.021324000000001e-01	1.178661e+01	2.356628e+01
2.021424000000001e-01	1.178661e+01	2.356219e+01
2.021524000000001e-01	1.178661e+01	2.355814e+01
2.021624000000001e-01	1.178661e+01	2.355412e+01
2.021724000000001e-01	1.178661e+01	2.355013e+01
2.021824000000002e-01	1.178660e+01	2.354619e+01
2.021924000000002e-01	1.178660e+01	2.354230e+01
2.022024000000002e-01	1.178660e+01	2.353846e+01
2.022124000000002e-01	1.178659e+01	2.353469e+01
2.022224000000002e-01	1.178659e+01	2.353098e+01
2.022324000000002e-01	1.178658e+01	2.352735e+01
2.022424000000002e-01	1.178658e+01	2.352379e+01
2.022524000000002e-01	1.178658e+01	2.352033e+01
2.022624000000002e-01	1.178657e+01	2.351696e+01
2.022724000000002e-01	1.178656e+01	2.351369e+01
2.022924000000003e-01	1.178655e+01	2.350747e+01
2.023224000000003e-01	1.178653e+01	2.349902e+01
2.023524000000003e-01	1.178651e+01	2.349167e+01
2.023824000000004e-01	1.178648e+01	2.348544e+01
2.024124000000004e-01	1.178646e+01	2.348027e+01
2.024324000000004e-01	1.178644e+01	2.347736e+01
2.024524000000004e-01	1.178642e+01	2.347483e+01
2.024724000000004e-01	1.178640e+01	2.347265e+01
2.024824000000005e-01	1.178639e+01	2.347168e+01
2.024924000000005e-01	1.178638e+01	2.347079e+01
2.025024000000005e-01	1.178637e+01	2.346996e+01
2.025124000000005e-01	1.178636e+01	2.346919e+01
2.025224000000005e-01	1.178635e+01	2.346849e+01
2.025324000000005e-01	1.178633e+01	2.346784e+01
2.025424000000005e-01	1.178632e+01	2.346724e+01
2.025524000000005e-01	1.178631e+01	2.346669e+01
2.025624000000005e-01	1.178630e+01	2.346618e+01
2.025724000000005e-01	1.178629e+01	2.346571e+01
2.025824000000006e-01	1.178628e+01	2.346529e+01
2.025924000000006e-01	1.178627e+01	2.346489e+01
2.026024000000006e-01	1.178626e+01	2.346453e+01
2.026124000000006e-01	1.178625e+01	2.346420e+01
2.026224000000006e-01	1.178624e+01	2.346390e+01
2.026324000000006e-01	1.178623e+01	2.346362e+01
2.026424000000006e-01	1.178622e+01	2.346337e+01
2.026524000000006e-01	1.178621e+01	2.346313e+01
2.026624000000006e-01	1.178619e+01	2.346292e+01
2.026724000000006e-01	1.178618e+01	2.346272e+01
2.026824000000007e-01	1.178617e+01	2.346254e+01
2.026924000000007e-01	1.178616e+01	2.346238e+01
2.027024000000007e-01	1.178615e+01	2.346223e+01
2.027124000000007e-01	1.178614e+01	2.346209e+01
2.027224000000007e-01	1.178613e+01	2.346197e+01
2.027324000000007e-01	1.178612e+01	2.346185e+01
2.027424000000007e-01	1.178611e+01	2.346175e+01
2.027524000000007e-01	1.178610e+01	2.346165e+01
2.027624000000007e-01	1.178609e+01	2.346156e+01
2.027724000000007e-01	1.178607e+01	2.346148e+01
2.027824000000008e-01	1.178606e+01	2.346141e+01
2.027924000000008e-01	1.178605e+01	2.346134e+01
2.028024000000008e-01	1.178604e+01	2.346128e+01
2.028124000000008e-01	1.178603e+01	2.346122e+01
2.028224000000008e-01	1.178602e+01	2.346117e+01
2.028324000000008e-01	1.178601e+01	2.346112e+01
2.028424000000008e-01	1.178600e+01	2.346108e+01
2.028524000000008e-01	1.178598e+01	2.346104e+01
2.028624000000008e-01	1.178597e+01	2.346101e+01
2.028724000000008e-01	1.178596e+01	2.346097e+01
2.028824000000009e-01	1.178595e+01	2.346095e+01
2.028924000000009e-01	1.178594e+01	2.346092e+01
2.029024000000009e-01	1.178593e+01	2.346089e+01
2.029124000000009e-01	1.178592e+01	2.346087e+01
2.029224000000009e-01	1.178591e+01	2.346085e+01
2.029324000000009e-01	1.178590e+01	2.346083e+01
2.029424000000009e-01	1.178589e+01	2.346081e+01
2.029524000000009e-01	1.178587e+01	2.346080e+01
2.029624000000009e-01	1.178586e+01	2.346078e+01
2.029724000000009e-01	1.178585e+01	2.346077e+01
2.029824000000010e-01	1.178584e+01	2.346076e+01
2.029924000000010e-01	1.178583e+01	2.346074e+01
2.030024000000010e-01	1.178582e+01	2.346074e+01
2.030124000000010e-01	1.178581e+01	2.346073e+01
2.030224000000010e-01	1.178580e+01	2.346072e+01
2.030324000000010e-01	1.178579e+01	2.346071e+01
2.030424000000010e-01	1.178577e+01	2.346070e+01
2.030524000000010e-01	1.178576e+01	2.346070e+01
2.030624000000010e-01	1.178575e+01	2.346069e+01
2.030724000000010e-01	1.178574e+01	2.346068e+01
2.030824000000011e-01	1.178573e+01	2.346068e+01
2.030924000000011e-01	1.178572e+01	2.346067e+01
2.031024000000011e-01	1.178571e+01	2.346067e+01
2.031124000000011e-01	1.178570e+01	2.346067e+01
2.031224000000011e-01	1.178569e+01	2.346066e+01
2.031324000000011e-01	1.178568e+01	2.346066e+01
2.031424000000011e-01	1.178566e+01	2.346066e+01
2.031524000000011e-01	1.178565e+01	2.346066e+01
2.031624000000011e-01	1.178564e+01	2.346065e+01
2.031724000000011e-01	1.178563e+01	2.346065e+01
2.031824000000012e-01	1.178562e+01	2.346065e+01
2.031924000000012e-01	1.178561e+01	2.346065e+01
2.032024000000012e-01	1.178560e+01	2.346065e+01
2.032124000000012e-01	1.178559e+01	2.346064e+01
2.032224000000012e-01	1.178557e+01	2.346064e+01
2.032324000000012e-01	1.178556e+01	2.346064e+01
2.032424000000012e-01	1.178555e+01	2.346064e+01
2.032524000000012e-01	1.178554e+01	2.346064e+01
2.032624000000012e-01	1.178553e+01	2.346064e+01
2.032724000000012e-01	1.178552e+01	2.346064e+01
2.032824000000013e-01	1.178551e+01	2.346064e+01
2.032924000000013e-01	1.178550e+01	2.346064e+01
2.033024000000013e-01	1.178549e+01	2.346063e+01
2.033124000000013e-01	1.178548e+01	2.346063e+01
2.033224000000013e-01	1.178546e+01	2.346063e+01
2.033324000000013e-01	1.178545e+01	2.346063e+01
2.033424000000013e-01	1.178544e+01	2.346063e+01
2.033524000000013e-01	1.178543e+01	2.346063e+01
2.033624000000013e-01	1.178542e+01	2.346063e+01
2.033724000000013e-01	1.178541e+01	2.346063e+01
2.033824000000014e-01	1.178540e+01	2.346063e+01
2.033924000000014e-01	1.178539e+01	2.346063e+01
2.034024000000014e-01	1.178538e+01	2.346063e+01
2.034124000000014e-01	1.178537e+01	2.346063e+01
2.034224000000014e-01	1.178535e+01	2.346063e+01
2.034324000000014e-01	1.178534e+01	2.346063e+01
2.034424000000014e-01	1.178533e+01	2.346063e+01
2.034524000000014e-01	1.178532e+01	2.346063e+01
2.034624000000014e-01	1.178531e+01	2.346063e+01
2.034724000000014e-01	1.178530e+01	2.346063e+01
2.034824000000015e-01	1.178529e+01	2.346063e+01
2.034924000000015e-01	1.178528e+01	2.346063e+01
2.035024000000015e-01	1.178527e+01	2.346063e+01
2.035124000000015e-01	1.178526e+01	2.346063e+01
2.035224000000015e-01	1.178524e+01	2.346063e+01
2.035324000000015e-01	1.178523e+01	2.346063e+01
2.035424000000015e-01	1.178522e+01	2.346063e+01
2.035524000000015e-01	1.178521e+01	2.346063e+01
2.035624000000015e-01	1.178520e+01	2.346063e+01
2.035724000000015e-01	1.178519e+01	2.346063e+01
2.035824000000016e-01	1.178518e+01	2.346063e+01
2.035924000000016e-01	1.178517e+01	2.346063e+01
2.036024000000016e-01	1.178516e+01	2.346063e+01
2.036124000000016e-01	1.178515e+01	2.346063e+01
2.036224000000016e-01	1.178513e+01	2.346063e+01
2.036324000000016e-01	1.178512e+01	2.346063e+01
2.036424000000016e-01	1.178511e+01	2.346063e+01
2.036524000000016e-01	1.178510e+01	2.346063e+01
2.036624000000016e-01	1.178509e+01	2.346063e+01
2.036724000000016e-01	1.178508e+01	2.346063e+01
2.036824000000017e-01	1.178507e+01	2.346063e+01
2.036924000000017e-01	1.178506e+01	2.346063e+01
2.037024000000017e-01	1.178505e+01	2.346063e+01
2.037124000000017e-01	1.178504e+01	2.346063e+01
2.037224000000017e-01	1.178503e+01	2.346063e+01
2.037424000000017e-01	1.178500e+01	2.346063e+01
2.037624000000017e-01	1.178498e+01	2.346063e+01
2.037824000000018e-01	1.178496e+01	2.346063e+01
2.038024000000018e-01	1.178494e+01	2.346063e+01
2.038224000000018e-01	1.178492e+01	2.346063e+01
2.038424000000018e-01	1.178489e+01	2.346063e+01
2.038624000000018e-01	1.178487e+01	2.346063e+01
2.038924000000019e-01	1.178484e+01	2.346063e+01
2.039224000000019e-01	1.178481e+01	2.346063e+01
2.039524000000019e-01	1.178477e+01	2.346063e+01
2.039752571428591e-01	1.178475e+01	2.346063e+01
2.039981142857163e-01	1.178472e+01	2.346063e+01
2.040209714285734e-01	1.178470e+01	2.346063e+01
2.040438285714306e-01	1.178467e+01	2.346063e+01
2.040666857142877e-01	1.178465e+01	2.346063e+01
2.040895428571449e-01	1.178463e+01	2.346063e+01
2.041124000000021e-01	1.178460e+01	2.346063e+01
2.041338285714307e-01	1.178458e+01	2.346063e+01
2.041552571428593e-01	1.178455e+01	2.346063e+01
2.041766857142878e-01	1.178453e+01	2.346063e+01
2.041981142857165e-01	1.178451e+01	2.346063e+01
2.042195428571451e-01	1.178448e+01	2.346063e+01
2.042409714285736e-01	1.178446e+01	2.346063e+01
2.042624000000022e-01	1.178444e+01	2.346063e+01
2.042724000000022e-01	1.178443e+01	2.346063e+01
2.043781142857166e-01	1.178431e+01	2.346063e+01
2.044838285714310e-01	1.178420e+01	2.346063e+01
2.045895428571454e-01	1.178408e+01	2.346063e+01
2.046952571428598e-01	1.178397e+01	2.346063e+01
2.048009714285742e-01	1.178386e+01	2.346063e+01
2.049066857142886e-01	1.178374e+01	2.346063e+01
2.050124000000030e-01	1.178363e+01	2.346063e+01
2.063681142857186e-01	1.178221e+01	2.346063e+01
2.077238285714343e-01	1.178082e+01	2.346063e+01
2.090795428571499e-01	1.177947e+01	2.346063e+01
2.104352571428655e-01	1.177815e+01	2.346063e+01
2.117909714285812e-01	1.177687e+01	2.346063e+01
2.131466857142968e-01	1.177562e+01	2.346063e+01
2.145024000000125e-01	1.177441e+01	2.346063e+01
2.145124000000125e-01	1.177440e+01	2.346063e+01
2.159738285714425e-01	1.177314e+01	2.346063e+01
2.174352571428725e-01	1.177190e+01	2.346063e+01
2.188966857143026e-01	1.177070e+01	2.346063e+01
2.203581142857326e-01	1.176954e+01	2.346063e+01
2.218195428571627e-01	1.176840e+01	2.346063e+01
2.232809714285927e-01	1.176731e+01	2.346063e+01
2.247424000000227e-01	1.176624e+01	2.346063e+01
2.247524000000227e-01	1.176624e+01	2.346063e+01
2.262138285714528e-01	1.176520e+01	2.346063e+01
2.276752571428828e-01	1.176420e+01	2.346063e+01
2.291366857143128e-01	1.176322e+01	2.346063e+01
2.305981142857429e-01	1.176227e+01	2.346063e+01
2.320595428571729e-01	1.176135e+01	2.346063e+01
2.335209714286029e-01	1.176045e+01	2.346063e+01
2.349824000000330e-01	1.175959e+01	2.346063e+01
2.349924000000330e-01	1.175958e+01	2.346063e+01
2.364538285714630e-01	1.175874e+01	2.346063e+01
2.379152571428930e-01	1.175792e+01	2.346063e+01
2.393766857143231e-01	1.175712e+01	2.346063e+01
2.408381142857531e-01	1.175635e+01	2.346063e+01
2.422995428571831e-01	1.175560e+01	2.346063e+01
2.437609714286132e-01	1.175487e+01	2.346063e+01
2.452224000000432e-01	1.175416e+01	2.346063e+01
2.452324000000432e-01	1.175416e+01	2.346063e+01
2.520100000000000e-01	1.175113e+01	2.346063e+01
2.520110000000000e-01	1.175113e+01	2.346068e+01
2.520130000000000e-01	1.175113e+01	2.346090e+01
2.520160000000000e-01	1.175113e+01	2.346152e+01
2.520200000000000e-01	1.175113e+01	2.346271e+01
2.520274857142857e-01	1.175113e+01	2.346560e+01
2.520349714285715e-01	1.175113e+01	2.346835e+01
2.520424571428572e-01	1.175112e+01	2.347097e+01
2.520499428571429e-01	1.175112e+01	2.347344e+01
2.520574285714287e-01	1.175112e+01	2.347578e+01
2.520649142857144e-01	1.175112e+01	2.347798e+01
2.520724000000001e-01	1.175111e+01	2.348004e+01
2.520824000000001e-01	1.175111e+01	2.348266e+01
2.520924000000001e-01	1.175111e+01	2.348512e+01
2.521024000000001e-01	1.175111e+01	2.348743e+01
2.521124000000001e-01	1.175111e+01	2.348960e+01
2.521224000000001e-01	1.175111e+01	2.349166e+01
2.521324000000001e-01	1.175111e+01	2.349360e+01
2.521424000000002e-01	1.175111e+01	2.349544e+01
2.521524000000002e-01	1.175110e+01	2.349719e+01
2.521624000000002e-01	1.175110e+01	2.349886e+01
2.521724000000002e-01	1.175110e+01	2.350045e+01
2.521824000000002e-01	1.175110e+01	2.350197e+01
2.521924000000002e-01	1.175110e+01	2.350342e+01
2.522024000000002e-01	1.175110e+01	2.350481e+01
2.522124000000002e-01	1.175110e+01	2.350615e+01
2.522224000000002e-01	1.175111e+01	2.350743e+01
2.522424000000003e-01	1.175111e+01	2.350986e+01
2.522624000000003e-01	1.175111e+01	2.351211e+01
2.522924000000003e-01	1.175111e+01	2.351522e+01
2.523224000000003e-01	1.175112e+01	2.351804e+01
2.523524000000004e-01	1.175112e+01	2.352062e+01
2.523824000000004e-01	1.175113e+01	2.352301e+01
2.524081142857147e-01	1.175113e+01	2.352488e+01
2.524338285714290e-01	1.175114e+01	2.352667e+01
2.524595428571433e-01	1.175114e+01	2.352837e+01
2.524852571428576e-01	1.175115e+01	2.352998e+01
2.525109714285719e-01	1.175116e+01	2.353150e+01
2.525366857142863e-01	1.175117e+01	2.353293e+01
2.525624000000006e-01	1.175117e+01	2.353427e+01
2.525981142857149e-01	1.175119e+01	2.353604e+01
2.526338285714292e-01	1.175120e+01	2.353772e+01
2.526695428571435e-01	1.175121e+01	2.353932e+01
2.527052571428579e-01	1.175122e+01	2.354084e+01
2.527409714285722e-01	1.175124e+01	2.354228e+01
2.527766857142865e-01	1.175125e+01	2.354363e+01
2.528124000000008e-01	1.175127e+01	2.354490e+01
2.528624000000009e-01	1.175129e+01	2.354659e+01
2.529124000000009e-01	1.175131e+01	2.354820e+01
2.529624000000010e-01	1.175134e+01	2.354972e+01
2.530124000000010e-01	1.175136e+01	2.355117e+01
2.530624000000011e-01	1.175138e+01	2.355254e+01
2.531124000000011e-01	1.175141e+01	2.355383e+01
2.531624000000012e-01	1.175144e+01	2.355504e+01
2.532324000000012e-01	1.175147e+01	2.355665e+01
2.533024000000013e-01	1.175151e+01	2.355818e+01
2.533724000000014e-01	1.175155e+01	2.355963e+01
2.534424000000015e-01	1.175159e+01	2.356101e+01
2.535124000000015e-01	1.175163e+01	2.356231e+01
2.535824000000016e-01	1.175167e+01	2.356354e+01
2.536524000000017e-01	1.175171e+01	2.356469e+01
2.537495428571446e-01	1.175177e+01	2.356621e+01
2.538466857142876e-01	1.175184e+01	2.356765e+01
2.539438285714306e-01	1.175190e+01	2.356903e+01
2.540409714285735e-01	1.175196e+01	2.357033e+01
2.541381142857164e-01	1.175203e+01	2.357156e+01
2.542352571428594e-01	1.175209e+01	2.357271e+01
2.543324000000023e-01	1.175216e+01	2.357380e+01
2.544681142857168e-01	1.175226e+01	2.357524e+01
2.546038285714312e-01	1.175235e+01	2.357660e+01
2.547395428571456e-01	1.175245e+01	2.357790e+01
2.548752571428600e-01	1.175255e+01	2.357913e+01
2.550109714285744e-01	1.175265e+01	2.358029e+01
2.551466857142889e-01	1.175275e+01	2.358138e+01
2.552824000000033e-01	1.175286e+01	2.358240e+01
2.554024000000034e-01	1.175295e+01	2.358327e+01
2.555966857142893e-01	1.175310e+01	2.358459e+01
2.557909714285752e-01	1.175325e+01	2.358585e+01
2.559852571428611e-01	1.175341e+01	2.358704e+01
2.561795428571471e-01	1.175357e+01	2.358817e+01
2.563738285714330e-01	1.175372e+01	2.358923e+01
2.565681142857189e-01	1.175388e+01	2.359023e+01
2.567624000000048e-01	1.175404e+01	2.359115e+01
2.570252571428622e-01	1.175426e+01	2.359234e+01
2.572881142857196e-01	1.175449e+01	2.359347e+01
2.575509714285770e-01	1.175471e+01	2.359453e+01
2.578138285714344e-01	1.175493e+01	2.359554e+01
2.580766857142918e-01	1.175516e+01	2.359648e+01
2.583395428571492e-01	1.175538e+01	2.359736e+01
2.586024000000066e-01	1.175561e+01	2.359818e+01
2.589524000000070e-01	1.175592e+01	2.359922e+01
2.593024000000073e-01	1.175623e+01	2.360019e+01
2.596524000000077e-01	1.175653e+01	2.360111e+01
2.600024000000080e-01	1.175684e+01	2.360198e+01
2.603524000000084e-01	1.175715e+01	2.360279e+01
2.607024000000087e-01	1.175746e+01	2.360355e+01
2.610524000000091e-01	1.175777e+01	2.360425e+01
2.615052571428667e-01	1.175817e+01	2.360510e+01
2.619581142857242e-01	1.175857e+01	2.360590e+01
2.624109714285818e-01	1.175898e+01	2.360666e+01
2.628638285714395e-01	1.175938e+01	2.360737e+01
2.633166857142971e-01	1.175978e+01	2.360803e+01
2.637695428571546e-01	1.176018e+01	2.360864e+01
2.642224000000122e-01	1.176058e+01	2.360921e+01
2.644238285714410e-01	1.176075e+01	2.360945e+01
2.646252571428698e-01	1.176093e+01	2.360969e+01
2.648266857142986e-01	1.176111e+01	2.360992e+01
2.650281142857273e-01	1.176128e+01	2.361015e+01
2.652295428571561e-01	1.176146e+01	2.361037e+01
2.654309714285848e-01	1.176164e+01	2.361058e+01
2.656324000000136e-01	1.176181e+01	2.361079e+01
2.656424000000137e-01	1.176182e+01	2.361080e+01
2.662524000000143e-01	1.176235e+01	2.361139e+01
2.668624000000149e-01	1.176288e+01	2.361194e+01
2.674724000000155e-01	1.176340e+01	2.361246e+01
2.680824000000161e-01	1.176392e+01	2.361294e+01
2.686924000000167e-01	1.176444e+01	2.361339e+01
2.693024000000173e-01	1.176495e+01	2.361380e+01
2.699124000000179e-01	1.176546e+01	2.361418e+01
2.706324000000186e-01	1.176606e+01	2.361459e+01
2.713524000000194e-01	1.176665e+01	2.361498e+01
2.720724000000201e-01	1.176724e+01	2.361534e+01
2.727924000000208e-01	1.176781e+01	2.361568e+01
2.735124000000215e-01	1.176839e+01	2.361598e+01
2.742324000000222e-01	1.176895e+01	2.361627e+01
2.749524000000230e-01	1.176952e+01	2.361652e+01
2.758824000000239e-01	1.177023e+01	2.361683e+01
2.767095428571676e-01	1.177086e+01	2.361708e+01
2.775366857143113e-01	1.177148e+01	2.361731e+01
2.783638285714550e-01	1.177209e+01	2.361753e+01
2.791909714285986e-01	1.177269e+01	2.361773e+01
2.800181142857423e-01	1.177328e+01	2.361791e+01
2.808452571428860e-01	1.177387e+01	2.361808e+01
2.816724000000297e-01	1.177445e+01	2.361823e+01
2.823066857143161e-01	1.177488e+01	2.361833e+01
2.829409714286024e-01	1.177532e+01	2.361844e+01
2.835752571428887e-01	1.177574e+01	2.361853e+01
2.842095428571751e-01	1.177617e+01	2.361862e+01
2.848438285714615e-01	1.177658e+01	2.361871e+01
2.854781142857478e-01	1.177700e+01	2.361879e+01
2.861124000000341e-01	1.177741e+01	2.361886e+01
2.861224000000341e-01	1.177741e+01	2.361887e+01
2.870538285714637e-01	1.177800e+01	2.361897e+01
2.879852571428931e-01	1.177859e+01	2.361906e+01
2.889166857143227e-01	1.177916e+01	2.361915e+01
2.898481142857521e-01	1.177972e+01	2.361923e+01
2.907795428571817e-01	1.178027e+01	2.361930e+01
2.917109714286111e-01	1.178081e+01	2.361937e+01
2.926424000000407e-01	1.178135e+01	2.361943e+01
2.931724000000412e-01	1.178164e+01	2.361946e+01
2.937024000000417e-01	1.178194e+01	2.361949e+01
2.942324000000422e-01	1.178223e+01	2.361952e+01
2.947624000000428e-01	1.178252e+01	2.361955e+01
2.952924000000433e-01	1.178281e+01	2.361957e+01
2.958224000000438e-01	1.178310e+01	2.361960e+01
2.963524000000444e-01	1.178338e+01	2.361962e+01
2.963624000000444e-01	1.178338e+01	2.361962e+01
2.971677714286095e-01	1.178380e+01	2.361966e+01
2.979731428571746e-01	1.178422e+01	2.361969e+01
2.987785142857396e-01	1.178463e+01	2.361972e+01
2.995838857143048e-01	1.178503e+01	2.361975e+01
3.003892571428698e-01	1.178543e+01	2.361977e+01
3.011946285714350e-01	1.178582e+01	2.361980e+01
3.020000000000000e-01	1.178621e+01	2.361982e+01
3.020030000000000e-01	1.178621e+01	2.361954e+01
3.020060000000001e-01	1.178621e+01	2.361890e+01
3.020100000000001e-01	1.178621e+01	2.361767e+01
3.020160571428572e-01	1.178621e+01	2.361510e+01
3.020221142857143e-01	1.178622e+01	2.361252e+01
3.020281714285715e-01	1.178622e+01	2.360995e+01
3.020342285714286e-01	1.178622e+01	2.360738e+01
3.020402857142858e-01	1.178622e+01	2.360482e+01
3.020463428571429e-01	1.178622e+01	2.360225e+01
3.020524000000001e-01	1.178623e+01	2.359969e+01
3.020624000000001e-01	1.178623e+01	2.359547e+01
3.020724000000001e-01	1.178623e+01	2.359126e+01
3.020824000000001e-01	1.178623e+01	2.358705e+01
3.020924000000001e-01	1.178623e+01	2.358286e+01
3.021024000000001e-01	1.178623e+01	2.357869e+01
3.021124000000001e-01	1.178623e+01	2.357453e+01
3.021224000000001e-01	1.178623e+01	2.357040e+01
3.021324000000001e-01	1.178623e+01	2.356628e+01
3.021424000000001e-01	1.178623e+01	2.356219e+01
3.021524000000002e-01	1.178623e+01	2.355814e+01
3.021624000000002e-01	1.178623e+01	2.355411e+01
3.021724000000002e-01	1.178623e+01	2.355013e+01
3.021824000000002e-01	1.178623e+01	2.354619e+01
3.021924000000002e-01	1.178622e+01	2.354230e+01
3.022024000000002e-01	1.178622e+01	2.353846e+01
3.022124000000002e-01	1.178622e+01	2.353469e+01
3.022224000000002e-01	1.178621e+01	2.353098e+01
3.022324000000002e-01	1.178621e+01	2.352734e+01
3.022424000000002e-01	1.178620e+01	2.352379e+01
3.022524000000003e-01	1.178620e+01	2.352033e+01
3.022624000000003e-01	1.178619e+01	2.351696e+01
3.022724000000003e-01	1.178619e+01	2.351369e+01
3.022924000000003e-01	1.178617e+01	2.350747e+01
3.023224000000003e-01	1.178615e+01	2.349902e+01
3.023524000000004e-01	1.178613e+01	2.349167e+01
3.023824000000004e-01	1.178611e+01	2.348544e+01
3.024124000000004e-01	1.178608e+01	2.348027e+01
3.024324000000004e-01	1.178606e+01	2.347736e+01
3.024524000000005e-01	1.178604e+01	2.347483e+01
3.024724000000005e-01	1.178602e+01	2.347265e+01
3.024824000000005e-01	1.178601e+01	2.347168e+01
3.024924000000005e-01	1.178600e+01	2.347079e+01
3.025024000000005e-01	1.178599e+01	2.346996e+01
3.025124000000005e-01	1.178598e+01	2.346919e+01
3.025224000000005e-01	1.178597e+01	2.346849e+01
3.025324000000005e-01	1.178596e+01	2.346784e+01
3.025424000000005e-01	1.178595e+01	2.346724e+01
3.025524000000006e-01	1.178594e+01	2.346669e+01
3.025624000000006e-01	1.178593e+01	2.346618e+01
3.025724000000006e-01	1.178592e+01	2.346571e+01
3.025824000000006e-01	1.178591e+01	2.346529e+01
3.025924000000006e-01	1.178590e+01	2.346489e+01
3.026024000000006e-01	1.178589e+01	2.346453e+01
3.026124000000006e-01	1.178587e+01	2.346420e+01
3.026224000000006e-01	1.178586e+01	2.346390e+01
3.026324000000006e-01	1.178585e+01	2.346362e+01
3.026424000000006e-01	1.178584e+01	2.346337e+01
3.026524000000007e-01	1.178583e+01	2.346313e+01
3.026624000000007e-01	1.178582e+01	2.346292e+01
3.026724000000007e-01	1.178581e+01	2.346272e+01
3.026824000000007e-01	1.178580e+01	2.346254e+01
3.026924000000007e-01	1.178579e+01	2.346238e+01
3.027024000000007e-01	1.178578e+01	2.346223e+01
3.027124000000007e-01	1.178577e+01	2.346209e+01
3.027224000000007e-01	1.178576e+01	2.346197e+01
3.027324000000007e-01	1.178574e+01	2.346185e+01
3.027424000000007e-01	1.178573e+01	2.346175e+01
3.027524000000008e-01	1.178572e+01	2.346165e+01
3.027624000000008e-01	1.178571e+01	2.346156e+01
3.027724000000008e-01	1.178570e+01	2.346148e+01
3.027824000000008e-01	1.178569e+01	2.346141e+01
3.027924000000008e-01	1.178568e+01	2.346134e+01
3.028024000000008e-01	1.178567e+01	2.346128e+01
3.028124000000008e-01	1.178566e+01	2.346122e+01
3.028224000000008e-01	1.178565e+01	2.346117e+01
3.028324000000008e-01	1.178563e+01	2.346112e+01
3.028424000000008e-01	1.178562e+01	2.346108e+01
3.028524000000009e-01	1.178561e+01	2.346104e+01
3.028624000000009e-01	1.178560e+01	2.346101e+01
3.028724000000009e-01	1.178559e+01	2.346097e+01
3.028824000000009e-01	1.178558e+01	2.346095e+01
3.028924000000009e-01	1.178557e+01	2.346092e+01
3.029024000000009e-01	1.178556e+01	2.346089e+01
3.029124000000009e-01	1.178555e+01	2.346087e+01
3.029224000000009e-01	1.178553e+01	2.346085e+01
3.029324000000009e-01	1.178552e+01	2.346083e+01
3.029424000000009e-01	1.178551e+01	2.346081e+01
3.029524000000010e-01	1.178550e+01	2.346080e+01
3.029624000000010e-01	1.178549e+01	2.346078e+01
3.029724000000010e-01	1.178548e+01	2.346077e+01
3.029824000000010e-01	1.178547e+01	2.346076e+01
3.029924000000010e-01	1.178546e+01	2.346074e+01
3.030024000000010e-01	1.178545e+01	2.346074e+01
3.030124000000010e-01	1.178544e+01	2.346073e+01
3.030224000000010e-01	1.178543e+01	2.346072e+01
3.030324000000010e-01	1.178541e+01	2.346071e+01
3.030424000000010e-01	1.178540e+01	2.346070e+01
3.030524000000011e-01	1.178539e+01	2.346070e+01
3.030624000000011e-01	1.178538e+01	2.346069e+01
3.030724000000011e-01	1.178537e+01	2.346068e+01
3.030824000000011e-01	1.178536e+01	2.346068e+01
3.030924000000011e-01	1.178535e+01	2.346067e+01
3.031024000000011e-01	1.178534e+01	2.346067e+01
3.031124000000011e-01	1.178533e+01	2.346067e+01
3.031224000000011e-01	1.178531e+01	2.346066e+01
3.031324000000011e-01	1.178530e+01	2.346066e+01
3.031424000000011e-01	1.178529e+01	2.346066e+01
3.031524000000012e-01	1.178528e+01	2.346066e+01
3.031624000000012e-01	1.178527e+01	2.346065e+01
3.031724000000012e-01	1.178526e+01	2.346065e+01
3.031824000000012e-01	1.178525e+01	2.346065e+01
3.031924000000012e-01	1.178524e+01	2.346065e+01
3.032024000000012e-01	1.178523e+01	2.346065e+01
3.032124000000012e-01	1.178522e+01	2.346064e+01
3.032224000000012e-01	1.178520e+01	2.346064e+01
3.032324000000012e-01	1.178519e+01	2.346064e+01
3.032424000000012e-01	1.178518e+01	2.346064e+01
3.032524000000013e-01	1.178517e+01	2.346064e+01
3.032624000000013e-01	1.178516e+01	2.346064e+01
3.032724000000013e-01	1.178515e+01	2.346064e+01
3.032824000000013e-01	1.178514e+01	2.346064e+01
3.032924000000013e-01	1.178513e+01	2.346064e+01
3.033024000000013e-01	1.178512e+01	2.346063e+01
3.033124000000013e-01	1.178511e+01	2.346063e+01
3.033224000000013e-01	1.178510e+01	2.346063e+01
3.033324000000013e-01	1.178508e+01	2.346063e+01
3.033424000000013e-01	1.178507e+01	2.346063e+01
3.033524000000014e-01	1.178506e+01	2.346063e+01
3.033624000000014e-01	1.178505e+01	2.346063e+01
3.033724000000014e-01	1.178504e+01	2.346063e+01
3.033824000000014e-01	1.178503e+01	2.346063e+01
3.033924000000014e-01	1.178502e+01	2.346063e+01
3.034024000000014e-01	1.178501e+01	2.346063e+01
3.034124000000014e-01	1.178500e+01	2.346063e+01
3.034224000000014e-01	1.178499e+01	2.346063e+01
3.034324000000014e-01	1.178498e+01	2.346063e+01
3.034424000000014e-01	1.178496e+01	2.346063e+01
3.034524000000015e-01	1.178495e+01	2.346063e+01
3.034624000000015e-01	1.178494e+01	2.346063e+01
3.034724000000015e-01	1.178493e+01	2.346063e+01
3.034824000000015e-01	1.178492e+01	2.346063e+01
3.034924000000015e-01	1.178491e+01	2.346063e+01
3.035024000000015e-01	1.178490e+01	2.346063e+01
3.035124000000015e-01	1.178489e+01	2.346063e+01
3.035224000000015e-01	1.178488e+01	2.346063e+01
3.035324000000015e-01	1.178487e+01	2.346063e+01
3.035424000000015e-01	1.178485e+01	2.346063e+01
3.035524000000016e-01	1.178484e+01	2.346063e+01
3.035624000000016e-01	1.178483e+01	2.346063e+01
3.035724000000016e-01	1.178482e+01	2.346063e+01
3.035824000000016e-01	1.178481e+01	2.346063e+01
3.035924000000016e-01	1.178480e+01	2.346063e+01
3.036024000000016e-01	1.178479e+01	2.346063e+01
3.036124000000016e-01	1.178478e+01	2.346063e+01
3.036224000000016e-01	1.178477e+01	2.346063e+01
3.036324000000016e-01	1.178476e+01	2.346063e+01
3.036424000000016e-01	1.178475e+01	2.346063e+01
3.036524000000017e-01	1.178473e+01	2.346063e+01
3.036624000000017e-01	1.178472e+01	2.346063e+01
3.036724000000017e-01	1.178471e+01	2.346063e+01
3.036824000000017e-01	1.178470e+01	2.346063e+01
3.036924000000017e-01	1.178469e+01	2.346063e+01
3.037024000000017e-01	1.178468e+01	2.346063e+01
3.037124000000017e-01	1.178467e+01	2.346063e+01
3.037224000000017e-01	1.178466e+01	2.346063e+01
3.037424000000017e-01	1.178464e+01	2.346063e+01
3.037624000000018e-01	1.178462e+01	2.346063e+01
3.037824000000018e-01	1.178459e+01	2.346063e+01
3.038024000000018e-01	1.178457e+01	2.346063e+01
3.038224000000018e-01	1.178455e+01	2.346063e+01
3.038424000000018e-01	1.178453e+01	2.346063e+01
3.038624000000019e-01	1.178451e+01	2.346063e+01
3.038924000000019e-01	1.178447e+01	2.346063e+01
3.039224000000019e-01	1.178444e+01	2.346063e+01
3.039524000000020e-01	1.178441e+01	2.346063e+01
3.039752571428591e-01	1.178438e+01	2.346063e+01
3.039981142857163e-01	1.178436e+01	2.346063e+01
3.040209714285734e-01	1.178434e+01	2.346063e+01
3.040438285714306e-01	1.178431e+01	2.346063e+01
3.040666857142878e-01	1.178429e+01	2.346063e+01
3.040895428571450e-01	1.178426e+01	2.346063e+01
3.041124000000021e-01	1.178424e+01	2.346063e+01
3.041552571428593e-01	1.178419e+01	2.346063e+01
3.041981142857165e-01	1.178414e+01	2.346063e+01
3.042409714285736e-01	1.178410e+01	2.346063e+01
3.042838285714309e-01	1.178405e+01	2.346063e+01
3.043266857142881e-01	1.178401e+01	2.346063e+01
3.043695428571452e-01	1.178396e+01	2.346063e+01
3.044124000000024e-01	1.178391e+01	2.346063e+01
3.065324000000045e-01	1.178169e+01	2.346063e+01
3.079938285714346e-01	1.178021e+01	2.346063e+01
3.094552571428646e-01	1.177877e+01	2.346063e+01
3.109166857142946e-01	1.177738e+01	2.346063e+01
3.123781142857247e-01	1.177602e+01	2.346063e+01
3.138395428571547e-01	1.177470e+01	2.346063e+01
3.153009714285847e-01	1.177342e+01	2.346063e+01
3.167624000000148e-01	1.177218e+01	2.346063e+01
3.167724000000148e-01	1.177217e+01	2.346063e+01
3.182338285714448e-01	1.177097e+01	2.346063e+01
3.196952571428748e-01	1.176980e+01	2.346063e+01
3.211566857143049e-01	1.176866e+01	2.346063e+01
3.226181142857349e-01	1.176755e+01	2.346063e+01
3.240795428571649e-01	1.176648e+01	2.346063e+01
3.255409714285949e-01	1.176544e+01	2.346063e+01
3.270024000000250e-01	1.176443e+01	2.346063e+01
3.270124000000250e-01	1.176442e+01	2.346063e+01
3.284738285714551e-01	1.176344e+01	2.346063e+01
3.299352571428851e-01	1.176248e+01	2.346063e+01
3.313966857143151e-01	1.176155e+01	2.346063e+01
3.328581142857451e-01	1.176065e+01	2.346063e+01
3.343195428571752e-01	1.175978e+01	2.346063e+01
3.357809714286052e-01	1.175893e+01	2.346063e+01
3.372424000000352e-01	1.175811e+01	2.346063e+01
3.372524000000353e-01	1.175810e+01	2.346063e+01
3.387138285714653e-01	1.175730e+01	2.346063e+01
3.401752571428953e-01	1.175652e+01	2.346063e+01
3.416366857143254e-01	1.175577e+01	2.346063e+01
3.430981142857554e-01	1.175503e+01	2.346063e+01
3.445595428571854e-01	1.175432e+01	2.346063e+01
3.460209714286154e-01	1.175363e+01	2.346063e+01
3.474824000000455e-01	1.175296e+01	2.346063e+01
3.474924000000455e-01	1.175295e+01	2.346063e+01
3.520100000000000e-01	1.175100e+01	2.346063e+01
3.520110000000000e-01	1.175099e+01	2.346068e+01
3.520130000000000e-01	1.175099e+01	2.346090e+01
3.520160000000001e-01	1.175099e+01	2.346152e+01
3.520200000000001e-01	1.175099e+01	2.346271e+01
3.520274857142858e-01	1.175099e+01	2.346560e+01
3.520349714285715e-01	1.175099e+01	2.346835e+01
3.520424571428572e-01	1.175098e+01	2.347097e+01
3.520499428571430e-01	1.175098e+01	2.347344e+01
3.520574285714287e-01	1.175098e+01	2.347578e+01
3.520649142857144e-01	1.175098e+01	2.347798e+01
3.520724000000001e-01	1.175098e+01	2.348004e+01
3.520824000000001e-01	1.175097e+01	2.348266e+01
3.520924000000001e-01	1.175097e+01	2.348512e+01
3.521024000000001e-01	1.175097e+01	2.348743e+01
3.521124000000002e-01	1.175097e+01	2.348960e+01
3.521224000000002e-01	1.175097e+01	2.349166e+01
3.521324000000002e-01	1.175097e+01	2.349360e+01
3.521424000000002e-01	1.175097e+01	2.349544e+01
3.521524000000002e-01	1.175097e+01	2.349719e+01
3.521624000000002e-01	1.175097e+01	2.349886e+01
3.521724000000002e-01	1.175097e+01	2.350045e+01
3.521824000000002e-01	1.175097e+01	2.350197e+01
3.521924000000002e-01	1.175097e+01	2.350342e+01
3.522024000000002e-01	1.175097e+01	2.350481e+01
3.522124000000003e-01	1.175097e+01	2.350615e+01
3.522224000000003e-01	1.175097e+01	2.350743e+01
3.522424000000003e-01	1.175097e+01	2.350986e+01
3.522624000000003e-01	1.175097e+01	2.351211e+01
3.522924000000003e-01	1.175097e+01	2.351522e+01
3.523224000000004e-01	1.175098e+01	2.351804e+01
3.523524000000004e-01	1.175098e+01	2.352062e+01
3.523824000000004e-01	1.175099e+01	2.352301e+01
3.524081142857147e-01	1.175099e+01	2.352488e+01
3.524338285714291e-01	1.175100e+01	2.352667e+01
3.524595428571434e-01	1.175101e+01	2.352837e+01
3.524852571428577e-01	1.175101e+01	2.352998e+01
3.525109714285720e-01	1.175102e+01	2.353150e+01
3.525366857142863e-01	1.175103e+01	2.353293e+01
3.525624000000006e-01	1.175104e+01	2.353427e+01
3.525981142857149e-01	1.175105e+01	2.353604e+01
3.526338285714293e-01	1.175106e+01	2.353772e+01
3.526695428571436e-01	1.175107e+01	2.353932e+01
3.527052571428579e-01	1.175109e+01	2.354084e+01
3.527409714285722e-01	1.175110e+01	2.354228e+01
3.527766857142866e-01	1.175112e+01	2.354363e+01
3.528124000000009e-01	1.175113e+01	2.354490e+01
3.528624000000009e-01	1.175115e+01	2.354659e+01
3.529124000000010e-01	1.175118e+01	2.354820e+01
3.529624000000010e-01	1.175120e+01	2.354972e+01
3.530124000000011e-01	1.175122e+01	2.355117e+01
3.530624000000011e-01	1.175125e+01	2.355254e+01
3.531124000000012e-01	1.175127e+01	2.355383e+01
3.531624000000012e-01	1.175130e+01	2.355504e+01
3.532324000000013e-01	1.175134e+01	2.355665e+01
3.533024000000013e-01	1.175137e+01	2.355818e+01
3.533724000000014e-01	1.175141e+01	2.355963e+01
3.534424000000015e-01	1.175145e+01	2.356101e+01
3.535124000000016e-01	1.175149e+01	2.356231e+01
3.535824000000016e-01	1.175154e+01	2.356354e+01
3.536524000000017e-01	1.175158e+01	2.356469e+01
3.537495428571447e-01	1.175164e+01	2.356621e+01
3.538466857142876e-01	1.175170e+01	2.356765e+01
3.539438285714306e-01	1.175176e+01	2.356903e+01
3.540409714285735e-01	1.175183e+01	2.357033e+01
3.541381142857165e-01	1.175189e+01	2.357156e+01
3.542352571428594e-01	1.175196e+01	2.357271e+01
3.543324000000024e-01	1.175203e+01	2.357380e+01
3.544681142857168e-01	1.175212e+01	2.357524e+01
3.546038285714312e-01	1.175222e+01	2.357660e+01
3.547395428571457e-01	1.175232e+01	2.357790e+01
3.548752571428601e-01	1.175242e+01	2.357913e+01
3.550109714285745e-01	1.175252e+01	2.358029e+01
3.551466857142889e-01	1.175262e+01	2.358138e+01
3.552824000000033e-01	1.175273e+01	2.358240e+01
3.554695428571464e-01	1.175287e+01	2.358373e+01
3.556566857142894e-01	1.175302e+01	2.358499e+01
3.558438285714325e-01	1.175317e+01	2.358619e+01
3.560309714285755e-01	1.175332e+01	2.358733e+01
3.562181142857185e-01	1.175347e+01	2.358839e+01
3.564052571428616e-01	1.175362e+01	2.358939e+01
3.565924000000046e-01	1.175378e+01	2.359033e+01
3.567438285714334e-01	1.175390e+01	2.359106e+01
3.568952571428621e-01	1.175403e+01	2.359177e+01
3.570466857142908e-01	1.175416e+01	2.359245e+01
3.571981142857195e-01	1.175428e+01	2.359311e+01
3.573495428571483e-01	1.175441e+01	2.359374e+01
3.575009714285770e-01	1.175454e+01	2.359434e+01
3.576524000000057e-01	1.175467e+01	2.359493e+01
3.576624000000057e-01	1.175468e+01	2.359496e+01
3.579695428571489e-01	1.175494e+01	2.359608e+01
3.582766857142921e-01	1.175521e+01	2.359713e+01
3.585838285714352e-01	1.175547e+01	2.359812e+01
3.588909714285783e-01	1.175574e+01	2.359906e+01
3.591981142857215e-01	1.175601e+01	2.359994e+01
3.595052571428647e-01	1.175628e+01	2.360075e+01
3.598124000000079e-01	1.175655e+01	2.360152e+01
3.602152571428654e-01	1.175691e+01	2.360246e+01
3.606181142857229e-01	1.175727e+01	2.360334e+01
3.610209714285805e-01	1.175763e+01	2.360418e+01
3.614238285714381e-01	1.175798e+01	2.360496e+01
3.618266857142956e-01	1.175834e+01	2.360570e+01
3.622295428571531e-01	1.175870e+01	2.360638e+01
3.626324000000107e-01	1.175906e+01	2.360701e+01
3.631438285714398e-01	1.175951e+01	2.360776e+01
3.636552571428688e-01	1.175997e+01	2.360847e+01
3.641666857142979e-01	1.176042e+01	2.360914e+01
3.646781142857270e-01	1.176087e+01	2.360976e+01
3.651895428571561e-01	1.176132e+01	2.361033e+01
3.657009714285852e-01	1.176177e+01	2.361087e+01
3.662124000000143e-01	1.176221e+01	2.361136e+01
3.664524000000145e-01	1.176242e+01	2.361158e+01
3.666924000000147e-01	1.176263e+01	2.361180e+01
3.669324000000150e-01	1.176283e+01	2.361201e+01
3.671724000000152e-01	1.176304e+01	2.361222e+01
3.674124000000155e-01	1.176325e+01	2.361241e+01
3.676524000000157e-01	1.176345e+01	2.361261e+01
3.678924000000159e-01	1.176366e+01	2.361279e+01
3.679024000000159e-01	1.176367e+01	2.361280e+01
3.685738285714452e-01	1.176424e+01	2.361329e+01
3.692452571428744e-01	1.176481e+01	2.361375e+01
3.699166857143037e-01	1.176537e+01	2.361418e+01
3.705881142857329e-01	1.176593e+01	2.361458e+01
3.712595428571622e-01	1.176648e+01	2.361494e+01
3.719309714285914e-01	1.176703e+01	2.361528e+01
3.726024000000207e-01	1.176757e+01	2.361559e+01
3.733766857143072e-01	1.176819e+01	2.361592e+01
3.741509714285936e-01	1.176880e+01	2.361623e+01
3.749252571428801e-01	1.176941e+01	2.361651e+01
3.756995428571666e-01	1.177000e+01	2.361678e+01
3.764738285714531e-01	1.177059e+01	2.361702e+01
3.772481142857396e-01	1.177118e+01	2.361724e+01
3.780224000000261e-01	1.177175e+01	2.361744e+01
3.781424000000262e-01	1.177184e+01	2.361748e+01
3.789995428571699e-01	1.177247e+01	2.361768e+01
3.798566857143136e-01	1.177309e+01	2.361787e+01
3.807138285714574e-01	1.177370e+01	2.361804e+01
3.815709714286010e-01	1.177430e+01	2.361821e+01
3.824281142857447e-01	1.177489e+01	2.361836e+01
3.832852571428885e-01	1.177548e+01	2.361849e+01
3.841424000000322e-01	1.177605e+01	2.361861e+01
3.847466857143185e-01	1.177645e+01	2.361870e+01
3.853509714286048e-01	1.177684e+01	2.361877e+01
3.859552571428911e-01	1.177724e+01	2.361885e+01
3.865595428571775e-01	1.177762e+01	2.361892e+01
3.871638285714638e-01	1.177800e+01	2.361898e+01
3.877681142857501e-01	1.177838e+01	2.361904e+01
3.883724000000364e-01	1.177876e+01	2.361910e+01
3.883824000000364e-01	1.177876e+01	2.361910e+01
3.893281142857516e-01	1.177934e+01	2.361918e+01
3.902738285714669e-01	1.177991e+01	2.361926e+01
3.912195428571821e-01	1.178046e+01	2.361933e+01
3.921652571428973e-01	1.178101e+01	2.361940e+01
3.931109714286126e-01	1.178155e+01	2.361946e+01
3.940566857143278e-01	1.178208e+01	2.361951e+01
3.950024000000431e-01	1.178260e+01	2.361956e+01
3.955181142857578e-01	1.178287e+01	2.361958e+01
3.960338285714727e-01	1.178315e+01	2.361961e+01
3.965495428571875e-01	1.178342e+01	2.361963e+01
3.970652571429023e-01	1.178369e+01	2.361965e+01
3.975809714286170e-01	1.178396e+01	2.361967e+01
3.980966857143319e-01	1.178423e+01	2.361969e+01
3.986124000000467e-01	1.178449e+01	2.361971e+01
3.986224000000467e-01	1.178450e+01	2.361971e+01
3.991049142857543e-01	1.178474e+01	2.361973e+01
3.995874285714619e-01	1.178498e+01	2.361975e+01
4.000699428571695e-01	1.178522e+01	2.361976e+01
4.005524571428772e-01	1.178546e+01	2.361978e+01
4.010349714285848e-01	1.178569e+01	2.361979e+01
4.015174857142924e-01	1.178592e+01	2.361981e+01
4.020000000000000e-01	1.178615e+01	2.361982e+01
4.020030000000000e-01	1.178615e+01	2.361954e+01
4.020060000000000e-01	1.178616e+01	2.361890e+01
4.020100000000000e-01	1.178616e+01	2.361767e+01
4.020160571428572e-01	1.178616e+01	2.361510e+01
4.020221142857143e-01	1.178616e+01	2.361252e+01
4.020281714285714e-01	1.178617e+01	2.360995e+01
4.020342285714286e-01	1.178617e+01	2.360738e+01
4.020402857142857e-01	1.178617e+01	2.360482e+01
4.020463428571429e-01	1.178617e+01	2.360225e+01
4.020524000000000e-01	1.178617e+01	2.359969e+01
4.020624000000000e-01	1.178618e+01	2.359547e+01
4.020724000000001e-01	1.178618e+01	2.359125e+01
4.020824000000001e-01	1.178618e+01	2.358705e+01
4.020924000000001e-01	1.178618e+01	2.358286e+01
4.021024000000001e-01	1.178618e+01	2.357869e+01
4.021124000000001e-01	1.178618e+01	2.357453e+01
4.021224000000001e-01	1.178618e+01	2.357040e+01
4.021324000000001e-01	1.178618e+01	2.356628e+01
4.021424000000001e-01	1.178618e+01	2.356219e+01
4.021524000000001e-01	1.178618e+01	2.355814e+01
4.021624000000001e-01	1.178618e+01	2.355411e+01
4.021724000000002e-01	1.178618e+01	2.355013e+01
4.021824000000002e-01	1.178617e+01	2.354619e+01
4.021924000000002e-01	1.178617e+01	2.354230e+01
4.022024000000002e-01	1.178617e+01	2.353846e+01
4.022124000000002e-01	1.178616e+01	2.353469e+01
4.022224000000002e-01	1.178616e+01	2.353098e+01
4.022324000000002e-01	1.178616e+01	2.352734e+01
4.022424000000002e-01	1.178615e+01	2.352379e+01
4.022524000000002e-01	1.178615e+01	2.352033e+01
4.022624000000002e-01	1.178614e+01	2.351696e+01
4.022724000000003e-01	1.178614e+01	2.351369e+01
4.022924000000003e-01	1.178612e+01	2.350747e+01
4.023224000000003e-01	1.178610e+01	2.349902e+01
4.023524000000003e-01	1.178608e+01	2.349167e+01
4.023824000000004e-01	1.178605e+01	2.348544e+01
4.024124000000004e-01	1.178603e+01	2.348027e+01
4.024324000000004e-01	1.178601e+01	2.347736e+01
4.024524000000004e-01	1.178599e+01	2.347483e+01
4.024724000000005e-01	1.178597e+01	2.347265e+01
4.024824000000005e-01	1.178596e+01	2.347168e+01
4.024924000000005e-01	1.178595e+01	2.347079e+01
4.025024000000005e-01	1.178594e+01	2.346996e+01
4.025124000000005e-01	1.178593e+01	2.346919e+01
4.025224000000005e-01	1.178592e+01	2.346849e+01
4.025324000000005e-01	1.178591e+01	2.346784e+01
4.025424000000005e-01	1.178590e+01	2.346724e+01
4.025524000000005e-01	1.178589e+01	2.346669e+01
4.025624000000005e-01	1.178588e+01	2.346618e+01
4.025724000000006e-01	1.178587e+01	2.346571e+01
4.025824000000006e-01	1.178586e+01	2.346529e+01
4.025924000000006e-01	1.178585e+01	2.346489e+01
4.026024000000006e-01	1.178583e+01	2.346453e+01
4.026124000000006e-01	1.178582e+01	2.346420e+01
4.026224000000006e-01	1.178581e+01	2.346390e+01
4.026324000000006e-01	1.178580e+01	2.346362e+01
4.026424000000006e-01	1.178579e+01	2.346337e+01
4.026524000000006e-01	1.178578e+01	2.346313e+01
4.026624000000006e-01	1.178577e+01	2.346292e+01
4.026724000000007e-01	1.178576e+01	2.346272e+01
4.026824000000007e-01	1.178575e+01	2.346254e+01
4.026924000000007e-01	1.178574e+01	2.346238e+01
4.027024000000007e-01	1.178573e+01	2.346223e+01
4.027124000000007e-01	1.178572e+01	2.346209e+01
4.027224000000007e-01	1.178570e+01	2.346197e+01
4.027324000000007e-01	1.178569e+01	2.346185e+01
4.027424000000007e-01	1.178568e+01	2.346175e+01
4.027524000000007e-01	1.178567e+01	2.346165e+01
4.027624000000007e-01	1.178566e+01	2.346156e+01
4.027724000000008e-01	1.178565e+01	2.346148e+01
4.027824000000008e-01	1.178564e+01	2.346141e+01
4.027924000000008e-01	1.178563e+01	2.346134e+01
4.028024000000008e-01	1.178562e+01	2.346128e+01
4.028124000000008e-01	1.178561e+01	2.346122e+01
4.028224000000008e-01	1.178559e+01	2.346117e+01
4.028324000000008e-01	1.178558e+01	2.346112e+01
4.028424000000008e-01	1.178557e+01	2.346108e+01
4.028524000000008e-01	1.178556e+01	2.346104e+01
4.028624000000008e-01	1.178555e+01	2.346101e+01
4.028724000000009e-01	1.178554e+01	2.346097e+01
4.028824000000009e-01	1.178553e+01	2.346095e+01
4.028924000000009e-01	1.178552e+01	2.346092e+01
4.029024000000009e-01	1.178551e+01	2.346089e+01
4.029124000000009e-01	1.178550e+01	2.346087e+01
4.029224000000009e-01	1.178548e+01	2.346085e+01
4.029324000000009e-01	1.178547e+01	2.346083e+01
4.029424000000009e-01	1.178546e+01	2.346081e+01
4.029524000000009e-01	1.178545e+01	2.346080e+01
4.029624000000009e-01	1.178544e+01	2.346078e+01
4.029724000000010e-01	1.178543e+01	2.346077e+01
4.029824000000010e-01	1.178542e+01	2.346076e+01
4.029924000000010e-01	1.178541e+01	2.346074e+01
4.030024000000010e-01	1.178540e+01	2.346074e+01
4.030124000000010e-01	1.178539e+01	2.346073e+01
4.030224000000010e-01	1.178537e+01	2.346072e+01
4.030324000000010e-01	1.178536e+01	2.346071e+01
4.030424000000010e-01	1.178535e+01	2.346070e+01
4.030524000000010e-01	1.178534e+01	2.346070e+01
4.030624000000010e-01	1.178533e+01	2.346069e+01
4.030724000000011e-01	1.178532e+01	2.346068e+01
4.030824000000011e-01	1.178531e+01	2.346068e+01
4.030924000000011e-01	1.178530e+01	2.346067e+01
4.031024000000011e-01	1.178529e+01	2.346067e+01
4.031124000000011e-01	1.178528e+01	2.346067e+01
4.031224000000011e-01	1.178526e+01	2.346066e+01
4.031324000000011e-01	1.178525e+01	2.346066e+01
4.031424000000011e-01	1.178524e+01	2.346066e+01
4.031524000000011e-01	1.178523e+01	2.346066e+01
4.031624000000011e-01	1.178522e+01	2.346065e+01
4.031724000000012e-01	1.178521e+01	2.346065e+01
4.031824000000012e-01	1.178520e+01	2.346065e+01
4.031924000000012e-01	1.178519e+01	2.346065e+01
4.032024000000012e-01	1.178518e+01	2.346065e+01
4.032124000000012e-01	1.178517e+01	2.346064e+01
4.032224000000012e-01	1.178515e+01	2.346064e+01
4.032324000000012e-01	1.178514e+01	2.346064e+01
4.032424000000012e-01	1.178513e+01	2.346064e+01
4.032524000000012e-01	1.178512e+01	2.346064e+01
4.032624000000012e-01	1.178511e+01	2.346064e+01
4.032724000000013e-01	1.178510e+01	2.346064e+01
4.032824000000013e-01	1.178509e+01	2.346064e+01
4.032924000000013e-01	1.178508e+01	2.346064e+01
4.033024000000013e-01	1.178507e+01	2.346063e+01
4.033124000000013e-01	1.178506e+01	2.346063e+01
4.033224000000013e-01	1.178504e+01	2.346063e+01
4.033324000000013e-01	1.178503e+01	2.346063e+01
4.033424000000013e-01	1.178502e+01	2.346063e+01
4.033524000000013e-01	1.178501e+01	2.346063e+01
4.033624000000013e-01	1.178500e+01	2.346063e+01
4.033724000000014e-01	1.178499e+01	2.346063e+01
4.033824000000014e-01	1.178498e+01	2.346063e+01
4.033924000000014e-01	1.178497e+01	2.346063e+01
4.034024000000014e-01	1.178496e+01	2.346063e+01
4.034124000000014e-01	1.178495e+01	2.346063e+01
4.034224000000014e-01	1.178494e+01	2.346063e+01
4.034324000000014e-01	1.178492e+01	2.346063e+01
4.034424000000014e-01	1.178491e+01	2.346063e+01
4.034524000000014e-01	1.178490e+01	2.346063e+01
4.034624000000014e-01	1.178489e+01	2.346063e+01
4.034724000000015e-01	1.178488e+01	2.346063e+01
4.034824000000015e-01	1.178487e+01	2.346063e+01
4.034924000000015e-01	1.178486e+01	2.346063e+01
4.035024000000015e-01	1.178485e+01	2.346063e+01
4.035124000000015e-01	1.178484e+01	2.346063e+01
4.035224000000015e-01	1.178483e+01	2.346063e+01
4.035324000000015e-01	1.178482e+01	2.346063e+01
4.035424000000015e-01	1.178480e+01	2.346063e+01
4.035524000000015e-01	1.178479e+01	2.346063e+01
4.035624000000015e-01	1.178478e+01	2.346063e+01
4.035724000000016e-01	1.178477e+01	2.346063e+01
4.035824000000016e-01	1.178476e+01	2.346063e+01
4.035924000000016e-01	1.178475e+01	2.346063e+01
4.036024000000016e-01	1.178474e+01	2.346063e+01
4.036124000000016e-01	1.178473e+01	2.346063e+01
4.036224000000016e-01	1.178472e+01	2.346063e+01
4.036324000000016e-01	1.178471e+01	2.346063e+01
4.036424000000016e-01	1.178470e+01	2.346063e+01
4.036524000000016e-01	1.178469e+01	2.346063e+01
4.036624000000016e-01	1.178467e+01	2.346063e+01
4.036724000000017e-01	1.178466e+01	2.346063e+01
4.036824000000017e-01	1.178465e+01	2.346063e+01
4.036924000000017e-01	1.178464e+01	2.346063e+01
4.037024000000017e-01	1.178463e+01	2.346063e+01
4.037124000000017e-01	1.178462e+01	2.346063e+01
4.037224000000017e-01	1.178461e+01	2.346063e+01
4.037424000000017e-01	1.178459e+01	2.346063e+01
4.037624000000017e-01	1.178457e+01	2.346063e+01
4.037824000000018e-01	1.178454e+01	2.346063e+01
4.038024000000018e-01	1.178452e+01	2.346063e+01
4.038224000000018e-01	1.178450e+01	2.346063e+01
4.038424000000018e-01	1.178448e+01	2.346063e+01
4.038624000000018e-01	1.178446e+01	2.346063e+01
4.038924000000019e-01	1.178442e+01	2.346063e+01
4.039224000000019e-01	1.178439e+01	2.346063e+01
4.039524000000019e-01	1.178436e+01	2.346063e+01
4.039752571428591e-01	1.178434e+01	2.346063e+01
4.039981142857162e-01	1.178431e+01	2.346063e+01
4.040209714285734e-01	1.178429e+01	2.346063e+01
4.040438285714306e-01	1.178426e+01	2.346063e+01
4.040666857142878e-01	1.178424e+01	2.346063e+01
4.040895428571449e-01	1.178421e+01	2.346063e+01
4.041124000000021e-01	1.178419e+01	2.346063e+01
4.041552571428593e-01	1.178414e+01	2.346063e+01
4.041981142857164e-01	1.178409e+01	2.346063e+01
4.042409714285736e-01	1.178405e+01	2.346063e+01
4.042838285714309e-01	1.178400e+01	2.346063e+01
4.043266857142880e-01	1.178396e+01	2.346063e+01
4.043695428571452e-01	1.178391e+01	2.346063e+01
4.044124000000024e-01	1.178386e+01	2.346063e+01
4.050366857142887e-01	1.178320e+01	2.346063e+01
4.056609714285750e-01	1.178254e+01	2.346063e+01
4.062852571428614e-01	1.178190e+01	2.346063e+01
4.069095428571478e-01	1.178126e+01	2.346063e+01
4.075338285714341e-01	1.178062e+01	2.346063e+01
4.081581142857204e-01	1.178000e+01	2.346063e+01
4.087824000000068e-01	1.177938e+01	2.346063e+01
4.087924000000068e-01	1.177937e+01	2.346063e+01
4.102538285714368e-01	1.177796e+01	2.346063e+01
4.117152571428668e-01	1.177659e+01	2.346063e+01
4.131766857142969e-01	1.177525e+01	2.346063e+01
4.146381142857269e-01	1.177396e+01	2.346063e+01
4.160995428571569e-01	1.177270e+01	2.346063e+01
4.175609714285869e-01	1.177148e+01	2.346063e+01
4.190224000000170e-01	1.177029e+01	2.346063e+01
4.190324000000170e-01	1.177028e+01	2.346063e+01
4.204938285714471e-01	1.176914e+01	2.346063e+01
4.219552571428771e-01	1.176802e+01	2.346063e+01
4.234166857143071e-01	1.176693e+01	2.346063e+01
4.248781142857371e-01	1.176587e+01	2.346063e+01
4.263395428571672e-01	1.176485e+01	2.346063e+01
4.278009714285972e-01	1.176385e+01	2.346063e+01
4.292624000000272e-01	1.176289e+01	2.346063e+01
4.292724000000273e-01	1.176288e+01	2.346063e+01
4.307338285714573e-01	1.176194e+01	2.346063e+01
4.321952571428873e-01	1.176103e+01	2.346063e+01
4.336566857143174e-01	1.176015e+01	2.346063e+01
4.351181142857474e-01	1.175928e+01	2.346063e+01
4.365795428571774e-01	1.175845e+01	2.346063e+01
4.380409714286074e-01	1.175764e+01	2.346063e+01
4.395024000000375e-01	1.175685e+01	2.346063e+01
4.395124000000375e-01	1.175685e+01	2.346063e+01
4.409738285714676e-01	1.175608e+01	2.346063e+01
4.424352571428976e-01	1.175534e+01	2.346063e+01
4.438966857143276e-01	1.175462e+01	2.346063e+01
4.453581142857576e-01	1.175392e+01	2.346063e+01
4.468195428571877e-01	1.175324e+01	2.346063e+01
4.482809714286177e-01	1.175258e+01	2.346063e+01
4.497424000000477e-01	1.175194e+01	2.346063e+01
4.497524000000477e-01	1.175193e+01	2.346063e+01
4.520100000000000e-01	1.175098e+01	2.346063e+01
4.520110000000000e-01	1.175098e+01	2.346068e+01
4.520130000000000e-01	1.175098e+01	2.346090e+01
4.520160000000000e-01	1.175097e+01	2.346152e+01
4.520200000000000e-01	1.175097e+01	2.346271e+01
4.520274857142857e-01	1.175097e+01	2.346560e+01
4.520349714285715e-01	1.175097e+01	2.346835e+01
4.520424571428572e-01	1.175096e+01	2.347097e+01
4.520499428571430e-01	1.175096e+01	2.347344e+01
4.520574285714287e-01	1.175096e+01	2.347578e+01
4.520649142857144e-01	1.175096e+01	2.347798e+01
4.520724000000001e-01	1.175096e+01	2.348004e+01
4.520824000000001e-01	1.175095e+01	2.348266e+01
4.520924000000001e-01	1.175095e+01	2.348512e+01
4.521024000000001e-01	1.175095e+01	2.348743e+01
4.521124000000001e-01	1.175095e+01	2.348960e+01
4.521224000000001e-01	1.175095e+01	2.349166e+01
4.521324000000002e-01	1.175095e+01	2.349360e+01
4.521424000000002e-01	1.175095e+01	2.349544e+01
4.521524000000002e-01	1.175095e+01	2.349719e+01
4.521624000000002e-01	1.175095e+01	2.349886e+01
4.521724000000002e-01	1.175095e+01	2.350045e+01
4.521824000000002e-01	1.175095e+01	2.350197e+01
4.521924000000002e-01	1.175095e+01	2.350342e+01
4.522024000000002e-01	1.175095e+01	2.350481e+01
4.522124000000002e-01	1.175095e+01	2.350615e+01
4.522224000000002e-01	1.175095e+01	2.350743e+01
4.522424000000003e-01	1.175095e+01	2.350986e+01
4.522624000000003e-01	1.175095e+01	2.351211e+01
4.522924000000003e-01	1.175095e+01	2.351522e+01
4.523224000000003e-01	1.175096e+01	2.351804e+01
4.523524000000004e-01	1.175096e+01	2.352062e+01
4.523824000000004e-01	1.175097e+01	2.352301e+01
4.524081142857147e-01	1.175097e+01	2.352488e+01
4.524338285714291e-01	1.175098e+01	2.352667e+01
4.524595428571433e-01	1.175099e+01	2.352837e+01
4.524852571428576e-01	1.175099e+01	2.352998e+01
4.525109714285719e-01	1.175100e+01	2.353150e+01
4.525366857142863e-01	1.175101e+01	2.353293e+01
4.525624000000006e-01	1.175102e+01	2.353427e+01
4.525981142857149e-01	1.175103e+01	2.353604e+01
4.526338285714293e-01	1.175104e+01	2.353772e+01
4.526695428571436e-01	1.175106e+01	2.353932e+01
4.527052571428579e-01	1.175107e+01	2.354084e+01
4.527409714285722e-01	1.175108e+01	2.354228e+01
4.527766857142865e-01	1.175110e+01	2.354363e+01
4.528124000000008e-01	1.175111e+01	2.354490e+01
4.528624000000009e-01	1.175113e+01	2.354659e+01
4.529124000000009e-01	1.175116e+01	2.354820e+01
4.529624000000010e-01	1.175118e+01	2.354972e+01
4.530124000000010e-01	1.175120e+01	2.355117e+01
4.530624000000011e-01	1.175123e+01	2.355254e+01
4.531124000000011e-01	1.175125e+01	2.355383e+01
4.531624000000012e-01	1.175128e+01	2.355504e+01
4.532324000000013e-01	1.175132e+01	2.355665e+01
4.533024000000013e-01	1.175136e+01	2.355818e+01
4.533724000000014e-01	1.175140e+01	2.355963e+01
4.534424000000015e-01	1.175144e+01	2.356101e+01
4.535124000000015e-01	1.175148e+01	2.356231e+01
4.535824000000016e-01	1.175152e+01	2.356354e+01
4.536524000000017e-01	1.175156e+01	2.356469e+01
4.537495428571446e-01	1.175162e+01	2.356621e+01
4.538466857142876e-01	1.175168e+01	2.356765e+01
4.539438285714306e-01	1.175175e+01	2.356903e+01
4.540409714285735e-01	1.175181e+01	2.357033e+01
4.541381142857164e-01	1.175188e+01	2.357156e+01
4.542352571428594e-01	1.175194e+01	2.357271e+01
4.543324000000024e-01	1.175201e+01	2.357380e+01
4.544681142857168e-01	1.175211e+01	2.357524e+01
4.546038285714312e-01	1.175220e+01	2.357660e+01
4.547395428571456e-01	1.175230e+01	2.357790e+01
4.548752571428600e-01	1.175240e+01	2.357913e+01
4.550109714285744e-01	1.175250e+01	2.358029e+01
4.551466857142889e-01	1.175261e+01	2.358138e+01
4.552824000000033e-01	1.175271e+01	2.358240e+01
4.554695428571464e-01	1.175285e+01	2.358373e+01
4.556566857142894e-01	1.175300e+01	2.358499e+01
4.558438285714325e-01	1.175315e+01	2.358619e+01
4.560309714285755e-01	1.175330e+01	2.358733e+01
4.562181142857185e-01	1.175345e+01	2.358839e+01
4.564052571428616e-01	1.175360e+01	2.358939e+01
4.565924000000046e-01	1.175376e+01	2.359033e+01
4.568466857142906e-01	1.175397e+01	2.359153e+01
4.571009714285765e-01	1.175418e+01	2.359267e+01
4.573552571428625e-01	1.175440e+01	2.359375e+01
4.576095428571485e-01	1.175462e+01	2.359477e+01
4.578638285714345e-01	1.175483e+01	2.359573e+01
4.581181142857204e-01	1.175505e+01	2.359662e+01
4.583724000000064e-01	1.175527e+01	2.359746e+01
4.585924000000066e-01	1.175547e+01	2.359815e+01
4.588124000000068e-01	1.175566e+01	2.359882e+01
4.590324000000071e-01	1.175585e+01	2.359946e+01
4.592524000000073e-01	1.175604e+01	2.360007e+01
4.594724000000075e-01	1.175624e+01	2.360066e+01
4.596924000000077e-01	1.175643e+01	2.360122e+01
4.599124000000079e-01	1.175663e+01	2.360176e+01
4.599224000000079e-01	1.175663e+01	2.360178e+01
4.603295428571512e-01	1.175700e+01	2.360271e+01
4.607366857142945e-01	1.175736e+01	2.360359e+01
4.611438285714378e-01	1.175772e+01	2.360442e+01
4.615509714285810e-01	1.175808e+01	2.360520e+01
4.619581142857243e-01	1.175844e+01	2.360593e+01
4.623652571428675e-01	1.175881e+01	2.360660e+01
4.627724000000108e-01	1.175917e+01	2.360723e+01
4.632895428571542e-01	1.175963e+01	2.360797e+01
4.638066857142976e-01	1.176009e+01	2.360867e+01
4.643238285714409e-01	1.176054e+01	2.360933e+01
4.648409714285843e-01	1.176100e+01	2.360994e+01
4.653581142857277e-01	1.176145e+01	2.361051e+01
4.658752571428710e-01	1.176190e+01	2.361104e+01
4.663924000000144e-01	1.176235e+01	2.361153e+01
4.669295428571578e-01	1.176282e+01	2.361200e+01
4.674666857143012e-01	1.176328e+01	2.361245e+01
4.680038285714446e-01	1.176374e+01	2.361288e+01
4.685409714285880e-01	1.176420e+01	2.361328e+01
4.690781142857314e-01	1.176465e+01	2.361365e+01
4.696152571428748e-01	1.176510e+01	2.361400e+01
4.701524000000182e-01	1.176555e+01	2.361432e+01
4.701624000000182e-01	1.176556e+01	2.361433e+01
4.708866857143046e-01	1.176616e+01	2.361473e+01
4.716109714285910e-01	1.176675e+01	2.361511e+01
4.723352571428775e-01	1.176734e+01	2.361546e+01
4.730595428571640e-01	1.176792e+01	2.361579e+01
4.737838285714504e-01	1.176850e+01	2.361609e+01
4.745081142857368e-01	1.176907e+01	2.361637e+01
4.752324000000233e-01	1.176963e+01	2.361662e+01
4.759695428571669e-01	1.177020e+01	2.361686e+01
4.767066857143105e-01	1.177076e+01	2.361708e+01
4.774438285714541e-01	1.177131e+01	2.361729e+01
4.781809714285976e-01	1.177186e+01	2.361749e+01
4.789181142857412e-01	1.177240e+01	2.361767e+01
4.796552571428848e-01	1.177293e+01	2.361783e+01
4.803924000000284e-01	1.177346e+01	2.361798e+01
4.804024000000284e-01	1.177347e+01	2.361798e+01
4.812852571428864e-01	1.177409e+01	2.361815e+01
4.821681142857445e-01	1.177470e+01	2.361831e+01
4.830509714286025e-01	1.177531e+01	2.361845e+01
4.839338285714606e-01	1.177590e+01	2.361859e+01
4.848166857143186e-01	1.177649e+01	2.361871e+01
4.856995428571766e-01	1.177706e+01	2.361882e+01
4.865824000000346e-01	1.177763e+01	2.361892e+01
4.871609714286066e-01	1.177799e+01	2.361898e+01
4.877395428571786e-01	1.177836e+01	2.361904e+01
4.883181142857506e-01	1.177871e+01	2.361909e+01
4.888966857143227e-01	1.177907e+01	2.361915e+01
4.894752571428946e-01	1.177942e+01	2.361920e+01
4.900538285714667e-01	1.177977e+01	2.361925e+01
4.906324000000387e-01	1.178011e+01	2.361929e+01
4.906424000000387e-01	1.178012e+01	2.361929e+01
4.916009714286110e-01	1.178068e+01	2.361936e+01
4.925595428571835e-01	1.178123e+01	2.361942e+01
4.935181142857558e-01	1.178177e+01	2.361948e+01
4.944766857143282e-01	1.178230e+01	2.361953e+01
4.954352571429006e-01	1.178282e+01	2.361958e+01
4.963938285714730e-01	1.178333e+01	2.361963e+01
4.973524000000454e-01	1.178384e+01	2.361967e+01
4.978552571429024e-01	1.178410e+01	2.361969e+01
4.983581142857593e-01	1.178435e+01	2.361970e+01
4.988609714286162e-01	1.178461e+01	2.361972e+01
4.993638285714732e-01	1.178486e+01	2.361974e+01
4.998666857143302e-01	1.178511e+01	2.361976e+01
5.003695428571872e-01	1.178536e+01	2.361977e+01
5.008724000000441e-01	1.178561e+01	2.361979e+01
5.008824000000440e-01	1.178561e+01	2.361979e+01
5.020000000000000e-01	1.178615e+01	2.361982e+01
5.020030000000000e-01	1.178615e+01	2.361954e+01
5.020060000000000e-01	1.178615e+01	2.361890e+01
5.020100000000000e-01	1.178615e+01	2.361767e+01
5.020160571428571e-01	1.178615e+01	2.361510e+01
5.020221142857143e-01	1.178616e+01	2.361252e+01
5.020281714285715e-01	1.178616e+01	2.360995e+01
5.020342285714285e-01	1.178616e+01	2.360738e+01
5.020402857142857e-01	1.178616e+01	2.360482e+01
5.020463428571429e-01	1.178616e+01	2.360225e+01
5.020524000000001e-01	1.178617e+01	2.359969e+01
5.020624000000000e-01	1.178617e+01	2.359547e+01
5.020724000000000e-01	1.178617e+01	2.359125e+01
5.020823999999999e-01	1.178617e+01	2.358705e+01
5.020923999999999e-01	1.178617e+01	2.358286e+01
5.021023999999998e-01	1.178618e+01	2.357869e+01
5.021123999999998e-01	1.178618e+01	2.357453e+01
5.021223999999997e-01	1.178618e+01	2.357040e+01
5.021323999999997e-01	1.178618e+01	2.356628e+01
5.021423999999997e-01	1.178617e+01	2.356219e+01
5.021523999999996e-01	1.178617e+01	2.355814e+01
5.021623999999996e-01	1.178617e+01	2.355411e+01
5.021723999999995e-01	1.178617e+01	2.355013e+01
5.021823999999995e-01	1.178617e+01	2.354619e+01
5.021923999999994e-01	1.178616e+01	2.354230e+01
5.022023999999994e-01	1.178616e+01	2.353846e+01
5.022123999999993e-01	1.178616e+01	2.353469e+01
5.022223999999993e-01	1.178615e+01	2.353098e+01
5.022323999999992e-01	1.178615e+01	2.352734e+01
5.022423999999992e-01	1.178614e+01	2.352379e+01
5.022523999999992e-01	1.178614e+01	2.352033e+01
5.022623999999991e-01	1.178613e+01	2.351696e+01
5.022723999999991e-01	1.178613e+01	2.351369e+01
5.022923999999990e-01	1.178612e+01	2.350747e+01
5.023223999999988e-01	1.178610e+01	2.349902e+01
5.023523999999987e-01	1.178607e+01	2.349167e+01
5.023823999999986e-01	1.178605e+01	2.348544e+01
5.024123999999984e-01	1.178602e+01	2.348027e+01
5.024323999999983e-01	1.178600e+01	2.347736e+01
5.024523999999982e-01	1.178598e+01	2.347483e+01
5.024723999999982e-01	1.178596e+01	2.347265e+01
5.024823999999981e-01	1.178595e+01	2.347168e+01
5.024923999999981e-01	1.178594e+01	2.347079e+01
5.025023999999980e-01	1.178593e+01	2.346996e+01
5.025123999999980e-01	1.178592e+01	2.346919e+01
5.025223999999979e-01	1.178591e+01	2.346849e+01
5.025323999999979e-01	1.178590e+01	2.346784e+01
5.025423999999978e-01	1.178589e+01	2.346724e+01
5.025523999999978e-01	1.178588e+01	2.346669e+01
5.025623999999977e-01	1.178587e+01	2.346618e+01
5.025723999999977e-01	1.178586e+01	2.346571e+01
5.025823999999977e-01	1.178585e+01	2.346529e+01
5.025923999999976e-01	1.178584e+01	2.346489e+01
5.026023999999976e-01	1.178583e+01	2.346453e+01
5.026123999999975e-01	1.178582e+01	2.346420e+01
5.026223999999975e-01	1.178581e+01	2.346390e+01
5.026323999999974e-01	1.178580e+01	2.346362e+01
5.026423999999974e-01	1.178578e+01	2.346337e+01
5.026523999999973e-01	1.178577e+01	2.346313e+01
5.026623999999973e-01	1.178576e+01	2.346292e+01
5.026723999999972e-01	1.178575e+01	2.346272e+01
5.026823999999972e-01	1.178574e+01	2.346254e+01
5.026923999999972e-01	1.178573e+01	2.346238e+01
5.027023999999971e-01	1.178572e+01	2.346223e+01
5.027123999999971e-01	1.178571e+01	2.346209e+01
5.027223999999970e-01	1.178570e+01	2.346197e+01
5.027323999999970e-01	1.178569e+01	2.346185e+01
5.027423999999969e-01	1.178568e+01	2.346175e+01
5.027523999999969e-01	1.178566e+01	2.346165e+01
5.027623999999968e-01	1.178565e+01	2.346156e+01
5.027723999999968e-01	1.178564e+01	2.346148e+01
5.027823999999967e-01	1.178563e+01	2.346141e+01
5.027923999999967e-01	1.178562e+01	2.346134e+01
5.028023999999967e-01	1.178561e+01	2.346128e+01
5.028123999999966e-01	1.178560e+01	2.346122e+01
5.028223999999966e-01	1.178559e+01	2.346117e+01
5.028323999999965e-01	1.178558e+01	2.346112e+01
5.028423999999965e-01	1.178557e+01	2.346108e+01
5.028523999999964e-01	1.178555e+01	2.346104e+01
5.028623999999964e-01	1.178554e+01	2.346101e+01
5.028723999999963e-01	1.178553e+01	2.346097e+01
5.028823999999963e-01	1.178552e+01	2.346095e+01
5.028923999999962e-01	1.178551e+01	2.346092e+01
5.029023999999962e-01	1.178550e+01	2.346089e+01
5.029123999999962e-01	1.178549e+01	2.346087e+01
5.029223999999961e-01	1.178548e+01	2.346085e+01
5.029323999999961e-01	1.178547e+01	2.346083e+01
5.029423999999960e-01	1.178546e+01	2.346081e+01
5.029523999999960e-01	1.178544e+01	2.346080e+01
5.029623999999959e-01	1.178543e+01	2.346078e+01
5.029723999999959e-01	1.178542e+01	2.346077e+01
5.029823999999958e-01	1.178541e+01	2.346076e+01
5.029923999999958e-01	1.178540e+01	2.346074e+01
5.030023999999957e-01	1.178539e+01	2.346074e+01
5.030123999999957e-01	1.178538e+01	2.346073e+01
5.030223999999957e-01	1.178537e+01	2.346072e+01
5.030323999999956e-01	1.178536e+01	2.346071e+01
5.030423999999956e-01	1.178535e+01	2.346070e+01
5.030523999999955e-01	1.178533e+01	2.346070e+01
5.030623999999955e-01	1.178532e+01	2.346069e+01
5.030723999999954e-01	1.178531e+01	2.346068e+01
5.030823999999954e-01	1.178530e+01	2.346068e+01
5.030923999999953e-01	1.178529e+01	2.346067e+01
5.031023999999953e-01	1.178528e+01	2.346067e+01
5.031123999999952e-01	1.178527e+01	2.346067e+01
5.031223999999952e-01	1.178526e+01	2.346066e+01
5.031323999999952e-01	1.178525e+01	2.346066e+01
5.031423999999951e-01	1.178524e+01	2.346066e+01
5.031523999999951e-01	1.178522e+01	2.346066e+01
5.031623999999950e-01	1.178521e+01	2.346065e+01
5.031723999999950e-01	1.178520e+01	2.346065e+01
5.031823999999949e-01	1.178519e+01	2.346065e+01
5.031923999999949e-01	1.178518e+01	2.346065e+01
5.032023999999948e-01	1.178517e+01	2.346065e+01
5.032123999999948e-01	1.178516e+01	2.346064e+01
5.032223999999947e-01	1.178515e+01	2.346064e+01
5.032323999999947e-01	1.178514e+01	2.346064e+01
5.032423999999946e-01	1.178513e+01	2.346064e+01
5.032523999999946e-01	1.178512e+01	2.346064e+01
5.032623999999946e-01	1.178510e+01	2.346064e+01
5.032723999999945e-01	1.178509e+01	2.346064e+01
5.032823999999945e-01	1.178508e+01	2.346064e+01
5.032923999999944e-01	1.178507e+01	2.346064e+01
5.033023999999944e-01	1.178506e+01	2.346063e+01
5.033123999999943e-01	1.178505e+01	2.346063e+01
5.033223999999943e-01	1.178504e+01	2.346063e+01
5.033323999999942e-01	1.178503e+01	2.346063e+01
5.033423999999942e-01	1.178502e+01	2.346063e+01
5.033523999999941e-01	1.178501e+01	2.346063e+01
5.033623999999941e-01	1.178499e+01	2.346063e+01
5.033723999999941e-01	1.178498e+01	2.346063e+01
5.033823999999940e-01	1.178497e+01	2.346063e+01
5.033923999999940e-01	1.178496e+01	2.346063e+01
5.034023999999939e-01	1.178495e+01	2.346063e+01
5.034123999999939e-01	1.178494e+01	2.346063e+01
5.034223999999938e-01	1.178493e+01	2.346063e+01
5.034323999999938e-01	1.178492e+01	2.346063e+01
5.034423999999937e-01	1.178491e+01	2.346063e+01
5.034523999999937e-01	1.178490e+01	2.346063e+01
5.034623999999936e-01	1.178489e+01	2.346063e+01
5.034723999999936e-01	1.178487e+01	2.346063e+01
5.034823999999936e-01	1.178486e+01	2.346063e+01
5.034923999999935e-01	1.178485e+01	2.346063e+01
5.035023999999935e-01	1.178484e+01	2.346063e+01
5.035123999999934e-01	1.178483e+01	2.346063e+01
5.035223999999934e-01	1.178482e+01	2.346063e+01
5.035323999999933e-01	1.178481e+01	2.346063e+01
5.035423999999933e-01	1.178480e+01	2.346063e+01
5.035523999999932e-01	1.178479e+01	2.346063e+01
5.035623999999932e-01	1.178478e+01	2.346063e+01
5.035723999999931e-01	1.178477e+01	2.346063e+01
5.035823999999931e-01	1.178475e+01	2.346063e+01
5.035923999999931e-01	1.178474e+01	2.346063e+01
5.036023999999930e-01	1.178473e+01	2.346063e+01
5.036123999999930e-01	1.178472e+01	2.346063e+01
5.036223999999929e-01	1.178471e+01	2.346063e+01
5.036323999999929e-01	1.178470e+01	2.346063e+01
5.036423999999928e-01	1.178469e+01	2.346063e+01
5.036523999999928e-01	1.178468e+01	2.346063e+01
5.036623999999927e-01	1.178467e+01	2.346063e+01
5.036723999999927e-01	1.178466e+01	2.346063e+01
5.036823999999926e-01	1.178465e+01	2.346063e+01
5.036923999999926e-01	1.178463e+01	2.346063e+01
5.037023999999926e-01	1.178462e+01	2.346063e+01
5.037123999999925e-01	1.178461e+01	2.346063e+01
5.037223999999925e-01	1.178460e+01	2.346063e+01
5.037423999999924e-01	1.178458e+01	2.346063e+01
5.037623999999923e-01	1.178456e+01	2.346063e+01
5.037823999999922e-01	1.178454e+01	2.346063e+01
5.038023999999921e-01	1.178452e+01	2.346063e+01
5.038223999999920e-01	1.178449e+01	2.346063e+01
5.038423999999919e-01	1.178447e+01	2.346063e+01
5.038623999999918e-01	1.178445e+01	2.346063e+01
5.038923999999917e-01	1.178442e+01	2.346063e+01
5.039223999999916e-01	1.178439e+01	2.346063e+01
5.039523999999914e-01	1.178435e+01	2.346063e+01
5.039752571428484e-01	1.178433e+01	2.346063e+01
5.039981142857055e-01	1.178430e+01	2.346063e+01
5.040209714285625e-01	1.178428e+01	2.346063e+01
5.040438285714196e-01	1.178425e+01	2.346063e+01
5.040666857142766e-01	1.178423e+01	2.346063e+01
5.040895428571337e-01	1.178421e+01	2.346063e+01
5.041123999999907e-01	1.178418e+01	2.346063e+01
5.041552571428476e-01	1.178413e+01	2.346063e+01
5.041981142857046e-01	1.178409e+01	2.346063e+01
5.042409714285615e-01	1.178404e+01	2.346063e+01
5.042838285714185e-01	1.178400e+01	2.346063e+01
5.043266857142754e-01	1.178395e+01	2.346063e+01
5.043695428571324e-01	1.178390e+01	2.346063e+01
5.044123999999893e-01	1.178386e+01	2.346063e+01
5.053595428571279e-01	1.178285e+01	2.346063e+01
5.063066857142664e-01	1.178187e+01	2.346063e+01
5.072538285714050e-01	1.178090e+01	2.346063e+01
5.082009714285435e-01	1.177995e+01	2.346063e+01
5.091481142856821e-01	1.177902e+01	2.346063e+01
5.100952571428206e-01	1.177810e+01	2.346063e+01
5.110423999999592e-01	1.177721e+01	2.346063e+01
5.110523999999591e-01	1.177720e+01	2.346063e+01
5.125138285713811e-01	1.177585e+01	2.346063e+01
5.139752571428029e-01	1.177454e+01	2.346063e+01
5.154366857142249e-01	1.177326e+01	2.346063e+01
5.168981142856468e-01	1.177202e+01	2.346063e+01
5.183595428570688e-01	1.177082e+01	2.346063e+01
5.198209714284906e-01	1.176965e+01	2.346063e+01
5.212823999999125e-01	1.176852e+01	2.346063e+01
5.212923999999125e-01	1.176851e+01	2.346063e+01
5.227538285713345e-01	1.176741e+01	2.346063e+01
5.242152571427563e-01	1.176635e+01	2.346063e+01
5.256766857141782e-01	1.176531e+01	2.346063e+01
5.271381142856002e-01	1.176430e+01	2.346063e+01
5.285995428570222e-01	1.176332e+01	2.346063e+01
5.300609714284440e-01	1.176236e+01	2.346063e+01
5.315223999998659e-01	1.176144e+01	2.346063e+01
5.315323999998659e-01	1.176144e+01	2.346063e+01
5.329938285712879e-01	1.176054e+01	2.346063e+01
5.344552571427097e-01	1.175967e+01	2.346063e+01
5.359166857141316e-01	1.175882e+01	2.346063e+01
5.373781142855536e-01	1.175800e+01	2.346063e+01
5.388395428569756e-01	1.175720e+01	2.346063e+01
5.403009714283974e-01	1.175643e+01	2.346063e+01
5.417623999998193e-01	1.175568e+01	2.346063e+01
5.417723999998193e-01	1.175567e+01	2.346063e+01
5.432334857141309e-01	1.175494e+01	2.346063e+01
5.446945714284424e-01	1.175423e+01	2.346063e+01
5.461556571427539e-01	1.175354e+01	2.346063e+01
5.476167428570654e-01	1.175287e+01	2.346063e+01
5.490778285713770e-01	1.175222e+01	2.346063e+01
5.505389142856885e-01	1.175159e+01	2.346063e+01
5.520000000000000e-01	1.175098e+01	2.346063e+01
5.520100000000000e-01	1.175097e+01	2.346063e+01
5.520110000000000e-01	1.175097e+01	2.346068e+01
5.520130000000000e-01	1.175097e+01	2.346090e+01
5.520160000000001e-01	1.175097e+01	2.346152e+01
5.520200000000000e-01	1.175097e+01	2.346271e+01
5.520274857142856e-01	1.175097e+01	2.346560e+01
5.520349714285713e-01	1.175096e+01	2.346835e+01
5.520424571428569e-01	1.175096e+01	2.347097e+01
5.520499428571427e-01	1.175096e+01	2.347344e+01
5.520574285714284e-01	1.175096e+01	2.347578e+01
5.520649142857140e-01	1.175096e+01	2.347798e+01
5.520723999999997e-01	1.175095e+01	2.348004e+01
5.520823999999996e-01	1.175095e+01	2.348266e+01
5.520923999999996e-01	1.175095e+01	2.348512e+01
5.521023999999995e-01	1.175095e+01	2.348743e+01
5.521123999999995e-01	1.175095e+01	2.348960e+01
5.521223999999995e-01	1.175095e+01	2.349166e+01
5.521323999999994e-01	1.175095e+01	2.349360e+01
5.521423999999994e-01	1.175094e+01	2.349544e+01
5.521523999999993e-01	1.175094e+01	2.349719e+01
5.521623999999993e-01	1.175094e+01	2.349886e+01
5.521723999999992e-01	1.175094e+01	2.350045e+01
5.521823999999992e-01	1.175094e+01	2.350197e+01
5.521923999999991e-01	1.175094e+01	2.350342e+01
5.522023999999991e-01	1.175094e+01	2.350481e+01
5.522123999999990e-01	1.175094e+01	2.350615e+01
5.522223999999990e-01	1.175094e+01	2.350743e+01
5.522423999999989e-01	1.175095e+01	2.350986e+01
5.522623999999988e-01	1.175095e+01	2.351211e+01
5.522923999999987e-01	1.175095e+01	2.351522e+01
5.523223999999985e-01	1.175096e+01	2.351804e+01
5.523523999999984e-01	1.175096e+01	2.352062e+01
5.523823999999983e-01	1.175097e+01	2.352301e+01
5.524081142857125e-01	1.175097e+01	2.352488e+01
5.524338285714266e-01	1.175098e+01	2.352667e+01
5.524595428571408e-01	1.175099e+01	2.352837e+01
5.524852571428549e-01	1.175099e+01	2.352998e+01
5.525109714285691e-01	1.175100e+01	2.353150e+01
5.525366857142833e-01	1.175101e+01	2.353293e+01
5.525623999999975e-01	1.175102e+01	2.353427e+01
5.525981142857116e-01	1.175103e+01	2.353604e+01
5.526338285714257e-01	1.175104e+01	2.353772e+01
5.526695428571399e-01	1.175105e+01	2.353932e+01
5.527052571428539e-01	1.175107e+01	2.354084e+01
5.527409714285680e-01	1.175108e+01	2.354228e+01
5.527766857142822e-01	1.175109e+01	2.354363e+01
5.528123999999963e-01	1.175111e+01	2.354490e+01
5.528623999999961e-01	1.175113e+01	2.354659e+01
5.529123999999959e-01	1.175115e+01	2.354820e+01
5.529623999999956e-01	1.175118e+01	2.354972e+01
5.530123999999954e-01	1.175120e+01	2.355117e+01
5.530623999999952e-01	1.175123e+01	2.355254e+01
5.531123999999950e-01	1.175125e+01	2.355383e+01
5.531623999999947e-01	1.175128e+01	2.355504e+01
5.532323999999944e-01	1.175132e+01	2.355665e+01
5.533023999999941e-01	1.175135e+01	2.355818e+01
5.533723999999938e-01	1.175139e+01	2.355963e+01
5.534423999999935e-01	1.175143e+01	2.356101e+01
5.535123999999931e-01	1.175147e+01	2.356231e+01
5.535823999999928e-01	1.175152e+01	2.356354e+01
5.536523999999925e-01	1.175156e+01	2.356469e+01
5.537495428571350e-01	1.175162e+01	2.356621e+01
5.538466857142773e-01	1.175168e+01	2.356765e+01
5.539438285714198e-01	1.175174e+01	2.356903e+01
5.540409714285621e-01	1.175181e+01	2.357033e+01
5.541381142857046e-01	1.175187e+01	2.357156e+01
5.542352571428469e-01	1.175194e+01	2.357271e+01
5.543323999999894e-01	1.175201e+01	2.357380e+01
5.544681142857031e-01	1.175210e+01	2.357524e+01
5.546038285714168e-01	1.175220e+01	2.357660e+01
5.547395428571305e-01	1.175230e+01	2.357790e+01
5.548752571428440e-01	1.175240e+01	2.357913e+01
5.550109714285577e-01	1.175250e+01	2.358029e+01
5.551466857142714e-01	1.175260e+01	2.358138e+01
5.552823999999851e-01	1.175271e+01	2.358240e+01
5.554695428571271e-01	1.175285e+01	2.358373e+01
5.556566857142691e-01	1.175300e+01	2.358499e+01
5.558438285714111e-01	1.175315e+01	2.358619e+01
5.560309714285531e-01	1.175330e+01	2.358733e+01
5.562181142856951e-01	1.175345e+01	2.358839e+01
5.564052571428371e-01	1.175360e+01	2.358939e+01
5.565923999999791e-01	1.175376e+01	2.359033e+01
5.568466857142637e-01	1.175397e+01	2.359153e+01
5.571009714285482e-01	1.175418e+01	2.359267e+01
5.573552571428327e-01	1.175440e+01	2.359375e+01
5.576095428571174e-01	1.175461e+01	2.359477e+01
5.578638285714019e-01	1.175483e+01	2.359573e+01
5.581181142856865e-01	1.175505e+01	2.359662e+01
5.583723999999710e-01	1.175527e+01	2.359746e+01
5.587123999999695e-01	1.175557e+01	2.359851e+01
5.590523999999679e-01	1.175587e+01	2.359950e+01
5.593923999999664e-01	1.175616e+01	2.360044e+01
5.597323999999648e-01	1.175646e+01	2.360132e+01
5.600723999999633e-01	1.175676e+01	2.360215e+01
5.604123999999617e-01	1.175707e+01	2.360292e+01
5.607523999999602e-01	1.175737e+01	2.360364e+01
5.609552571428164e-01	1.175755e+01	2.360405e+01
5.611581142856726e-01	1.175773e+01	2.360445e+01
5.613609714285288e-01	1.175791e+01	2.360484e+01
5.615638285713851e-01	1.175809e+01	2.360522e+01
5.617666857142413e-01	1.175827e+01	2.360558e+01
5.619695428570975e-01	1.175845e+01	2.360594e+01
5.621723999999537e-01	1.175863e+01	2.360628e+01
5.621823999999537e-01	1.175864e+01	2.360629e+01
5.626781142856657e-01	1.175908e+01	2.360707e+01
5.631738285713778e-01	1.175952e+01	2.360781e+01
5.636695428570898e-01	1.175996e+01	2.360850e+01
5.641652571428017e-01	1.176040e+01	2.360914e+01
5.646609714285138e-01	1.176084e+01	2.360974e+01
5.651566857142258e-01	1.176127e+01	2.361030e+01
5.656523999999379e-01	1.176171e+01	2.361081e+01
5.662623999999351e-01	1.176224e+01	2.361140e+01
5.668723999999323e-01	1.176277e+01	2.361195e+01
5.674823999999296e-01	1.176329e+01	2.361247e+01
5.680923999999268e-01	1.176381e+01	2.361295e+01
5.687023999999240e-01	1.176433e+01	2.361340e+01
5.693123999999212e-01	1.176485e+01	2.361381e+01
5.699223999999184e-01	1.176536e+01	2.361419e+01
5.702781142856311e-01	1.176566e+01	2.361440e+01
5.706338285713438e-01	1.176595e+01	2.361460e+01
5.709895428570565e-01	1.176624e+01	2.361479e+01
5.713452571427691e-01	1.176654e+01	2.361498e+01
5.717009714284818e-01	1.176683e+01	2.361516e+01
5.720566857141944e-01	1.176712e+01	2.361534e+01
5.724123999999071e-01	1.176740e+01	2.361550e+01
5.724223999999071e-01	1.176741e+01	2.361551e+01
5.731923999999036e-01	1.176803e+01	2.361584e+01
5.739623999999001e-01	1.176864e+01	2.361615e+01
5.747323999998966e-01	1.176924e+01	2.361644e+01
5.755023999998931e-01	1.176984e+01	2.361671e+01
5.762723999998896e-01	1.177043e+01	2.361696e+01
5.770423999998860e-01	1.177101e+01	2.361719e+01
5.778123999998825e-01	1.177159e+01	2.361739e+01
5.785038285713080e-01	1.177210e+01	2.361756e+01
5.791952571427333e-01	1.177260e+01	2.361772e+01
5.798866857141588e-01	1.177310e+01	2.361788e+01
5.805781142855843e-01	1.177359e+01	2.361802e+01
5.812695428570097e-01	1.177408e+01	2.361815e+01
5.819609714284351e-01	1.177456e+01	2.361828e+01
5.826523999998605e-01	1.177503e+01	2.361839e+01
5.826623999998605e-01	1.177504e+01	2.361839e+01
5.835666857141421e-01	1.177565e+01	2.361853e+01
5.844709714284236e-01	1.177626e+01	2.361866e+01
5.853752571427052e-01	1.177685e+01	2.361878e+01
5.862795428569869e-01	1.177743e+01	2.361888e+01
5.871838285712685e-01	1.177801e+01	2.361898e+01
5.880881142855501e-01	1.177857e+01	2.361907e+01
5.889923999998317e-01	1.177913e+01	2.361916e+01
5.895495428569720e-01	1.177946e+01	2.361920e+01
5.901066857141123e-01	1.177980e+01	2.361925e+01
5.906638285712527e-01	1.178013e+01	2.361929e+01
5.912209714283929e-01	1.178046e+01	2.361933e+01
5.917781142855333e-01	1.178078e+01	2.361937e+01
5.923352571426735e-01	1.178110e+01	2.361941e+01
5.928923999998139e-01	1.178142e+01	2.361944e+01
5.929023999998139e-01	1.178142e+01	2.361944e+01
5.938738285712380e-01	1.178197e+01	2.361950e+01
5.948452571426621e-01	1.178250e+01	2.361955e+01
5.958166857140863e-01	1.178303e+01	2.361960e+01
5.967881142855105e-01	1.178354e+01	2.361964e+01
5.977595428569347e-01	1.178405e+01	2.361968e+01
5.987309714283587e-01	1.178454e+01	2.361972e+01
5.997023999997829e-01	1.178503e+01	2.361975e+01
6.000306285712425e-01	1.178519e+01	2.361976e+01
6.003588571427021e-01	1.178535e+01	2.361977e+01
6.006870857141616e-01	1.178551e+01	2.361978e+01
6.010153142856213e-01	1.178567e+01	2.361979e+01
6.013435428570808e-01	1.178583e+01	2.361980e+01
6.016717714285404e-01	1.178599e+01	2.361981e+01
6.020000000000000e-01	1.178615e+01	2.361982e+01
6.020030000000000e-01	1.178615e+01	2.361954e+01
6.020060000000000e-01	1.178615e+01	2.361890e+01
6.020100000000000e-01	1.178615e+01	2.361767e+01
6.020160571428572e-01	1.178615e+01	2.361510e+01
6.020221142857144e-01	1.178616e+01	2.361252e+01
6.020281714285716e-01	1.178616e+01	2.360995e+01
6.020342285714286e-01	1.178616e+01	2.360738e+01
6.020402857142858e-01	1.178616e+01	2.360482e+01
6.020463428571430e-01	1.178616e+01	2.360225e+01
6.020524000000002e-01	1.178617e+01	2.359969e+01
6.020624000000001e-01	1.178617e+01	2.359547e+01
6.020724000000001e-01	1.178617e+01	2.359125e+01
6.020824000000000e-01	1.178617e+01	2.358705e+01
6.020924000000000e-01	1.178617e+01	2.358286e+01
6.021023999999999e-01	1.178617e+01	2.357869e+01
6.021123999999999e-01	1.178617e+01	2.357453e+01
6.021223999999998e-01	1.178617e+01	2.357040e+01
6.021323999999998e-01	1.178617e+01	2.356628e+01
6.021423999999997e-01	1.178617e+01	2.356219e+01
6.021523999999997e-01	1.178617e+01	2.355814e+01
6.021623999999997e-01	1.178617e+01	2.355411e+01
6.021723999999996e-01	1.178617e+01	2.355013e+01
6.021823999999996e-01	1.178617e+01	2.354619e+01
6.021923999999995e-01	1.178616e+01	2.354230e+01
6.022023999999995e-01	1.178616e+01	2.353846e+01
6.022123999999994e-01	1.178616e+01	2.353469e+01
6.022223999999994e-01	1.178615e+01	2.353098e+01
6.022323999999993e-01	1.178615e+01	2.352734e+01
6.022423999999993e-01	1.178614e+01	2.352379e+01
6.022523999999992e-01	1.178614e+01	2.352033e+01
6.022623999999992e-01	1.178613e+01	2.351696e+01
6.022723999999992e-01	1.178613e+01	2.351369e+01
6.022923999999991e-01	1.178612e+01	2.350747e+01
6.023223999999989e-01	1.178609e+01	2.349902e+01
6.023523999999988e-01	1.178607e+01	2.349167e+01
6.023823999999987e-01	1.178605e+01	2.348544e+01
6.024123999999985e-01	1.178602e+01	2.348027e+01
6.024323999999984e-01	1.178600e+01	2.347736e+01
6.024523999999983e-01	1.178598e+01	2.347483e+01
6.024723999999982e-01	1.178596e+01	2.347265e+01
6.024823999999982e-01	1.178595e+01	2.347168e+01
6.024923999999982e-01	1.178594e+01	2.347079e+01
6.025023999999981e-01	1.178593e+01	2.346996e+01
6.025123999999981e-01	1.178592e+01	2.346919e+01
6.025223999999980e-01	1.178591e+01	2.346849e+01
6.025323999999980e-01	1.178590e+01	2.346784e+01
6.025423999999979e-01	1.178589e+01	2.346724e+01
6.025523999999979e-01	1.178588e+01	2.346669e+01
6.025623999999978e-01	1.178587e+01	2.346618e+01
6.025723999999978e-01	1.178586e+01	2.346571e+01
6.025823999999977e-01	1.178585e+01	2.346529e+01
6.025923999999977e-01	1.178584e+01	2.346489e+01
6.026023999999977e-01	1.178583e+01	2.346453e+01
6.026123999999976e-01	1.178582e+01	2.346420e+01
6.026223999999976e-01	1.178581e+01	2.346390e+01
6.026323999999975e-01	1.178579e+01	2.346362e+01
6.026423999999975e-01	1.178578e+01	2.346337e+01
6.026523999999974e-01	1.178577e+01	2.346313e+01
6.026623999999974e-01	1.178576e+01	2.346292e+01
6.026723999999973e-01	1.178575e+01	2.346272e+01
6.026823999999973e-01	1.178574e+01	2.346254e+01
6.026923999999972e-01	1.178573e+01	2.346238e+01
6.027023999999972e-01	1.178572e+01	2.346223e+01
6.027123999999972e-01	1.178571e+01	2.346209e+01
6.027223999999971e-01	1.178570e+01	2.346197e+01
6.027323999999971e-01	1.178569e+01	2.346185e+01
6.027423999999970e-01	1.178568e+01	2.346175e+01
6.027523999999970e-01	1.178566e+01	2.346165e+01
6.027623999999969e-01	1.178565e+01	2.346156e+01
6.027723999999969e-01	1.178564e+01	2.346148e+01
6.027823999999968e-01	1.178563e+01	2.346141e+01
6.027923999999968e-01	1.178562e+01	2.346134e+01
6.028023999999967e-01	1.178561e+01	2.346128e+01
6.028123999999967e-01	1.178560e+01	2.346122e+01
6.028223999999966e-01	1.178559e+01	2.346117e+01
6.028323999999966e-01	1.178558e+01	2.346112e+01
6.028423999999966e-01	1.178556e+01	2.346108e+01
6.028523999999965e-01	1.178555e+01	2.346104e+01
6.028623999999965e-01	1.178554e+01	2.346101e+01
6.028723999999964e-01	1.178553e+01	2.346097e+01
6.028823999999964e-01	1.178552e+01	2.346095e+01
6.028923999999963e-01	1.178551e+01	2.346092e+01
6.029023999999963e-01	1.178550e+01	2.346089e+01
6.029123999999962e-01	1.178549e+01	2.346087e+01
6.029223999999962e-01	1.178548e+01	2.346085e+01
6.029323999999961e-01	1.178547e+01	2.346083e+01
6.029423999999961e-01	1.178545e+01	2.346081e+01
6.029523999999961e-01	1.178544e+01	2.346080e+01
6.029623999999960e-01	1.178543e+01	2.346078e+01
6.029723999999960e-01	1.178542e+01	2.346077e+01
6.029823999999959e-01	1.178541e+01	2.346076e+01
6.029923999999959e-01	1.178540e+01	2.346074e+01
6.030023999999958e-01	1.178539e+01	2.346074e+01
6.030123999999958e-01	1.178538e+01	2.346073e+01
6.030223999999957e-01	1.178537e+01	2.346072e+01
6.030323999999957e-01	1.178536e+01	2.346071e+01
6.030423999999956e-01	1.178535e+01	2.346070e+01
6.030523999999956e-01	1.178533e+01	2.346070e+01
6.030623999999956e-01	1.178532e+01	2.346069e+01
6.030723999999955e-01	1.178531e+01	2.346068e+01
6.030823999999955e-01	1.178530e+01	2.346068e+01
6.030923999999954e-01	1.178529e+01	2.346067e+01
6.031023999999954e-01	1.178528e+01	2.346067e+01
6.031123999999953e-01	1.178527e+01	2.346067e+01
6.031223999999953e-01	1.178526e+01	2.346066e+01
6.031323999999952e-01	1.178525e+01	2.346066e+01
6.031423999999952e-01	1.178523e+01	2.346066e+01
6.031523999999951e-01	1.178522e+01	2.346066e+01
6.031623999999951e-01	1.178521e+01	2.346065e+01
6.031723999999951e-01	1.178520e+01	2.346065e+01
6.031823999999950e-01	1.178519e+01	2.346065e+01
6.031923999999950e-01	1.178518e+01	2.346065e+01
6.032023999999949e-01	1.178517e+01	2.346065e+01
6.032123999999949e-01	1.178516e+01	2.346064e+01
6.032223999999948e-01	1.178515e+01	2.346064e+01
6.032323999999948e-01	1.178514e+01	2.346064e+01
6.032423999999947e-01	1.178512e+01	2.346064e+01
6.032523999999947e-01	1.178511e+01	2.346064e+01
6.032623999999946e-01	1.178510e+01	2.346064e+01
6.032723999999946e-01	1.178509e+01	2.346064e+01
6.032823999999946e-01	1.178508e+01	2.346064e+01
6.032923999999945e-01	1.178507e+01	2.346064e+01
6.033023999999945e-01	1.178506e+01	2.346063e+01
6.033123999999944e-01	1.178505e+01	2.346063e+01
6.033223999999944e-01	1.178504e+01	2.346063e+01
6.033323999999943e-01	1.178503e+01	2.346063e+01
6.033423999999943e-01	1.178502e+01	2.346063e+01
6.033523999999942e-01	1.178500e+01	2.346063e+01
6.033623999999942e-01	1.178499e+01	2.346063e+01
6.033723999999941e-01	1.178498e+01	2.346063e+01
6.033823999999941e-01	1.178497e+01	2.346063e+01
6.033923999999941e-01	1.178496e+01	2.346063e+01
6.034023999999940e-01	1.178495e+01	2.346063e+01
6.034123999999940e-01	1.178494e+01	2.346063e+01
6.034223999999939e-01	1.178493e+01	2.346063e+01
6.034323999999939e-01	1.178492e+01	2.346063e+01
6.034423999999938e-01	1.178491e+01	2.346063e+01
6.034523999999938e-01	1.178489e+01	2.346063e+01
6.034623999999937e-01	1.178488e+01	2.346063e+01
6.034723999999937e-01	1.178487e+01	2.346063e+01
6.034823999999936e-01	1.178486e+01	2.346063e+01
6.034923999999936e-01	1.178485e+01	2.346063e+01
6.035023999999936e-01	1.178484e+01	2.346063e+01
6.035123999999935e-01	1.178483e+01	2.346063e+01
6.035223999999935e-01	1.178482e+01	2.346063e+01
6.035323999999934e-01	1.178481e+01	2.346063e+01
6.035423999999934e-01	1.178480e+01	2.346063e+01
6.035523999999933e-01	1.178479e+01	2.346063e+01
6.035623999999933e-01	1.178478e+01	2.346063e+01
6.035723999999932e-01	1.178476e+01	2.346063e+01
6.035823999999932e-01	1.178475e+01	2.346063e+01
6.035923999999931e-01	1.178474e+01	2.346063e+01
6.036023999999931e-01	1.178473e+01	2.346063e+01
6.036123999999931e-01	1.178472e+01	2.346063e+01
6.036223999999930e-01	1.178471e+01	2.346063e+01
6.036323999999930e-01	1.178470e+01	2.346063e+01
6.036423999999929e-01	1.178469e+01	2.346063e+01
6.036523999999929e-01	1.178468e+01	2.346063e+01
6.036623999999928e-01	1.178467e+01	2.346063e+01
6.036723999999928e-01	1.178466e+01	2.346063e+01
6.036823999999927e-01	1.178465e+01	2.346063e+01
6.036923999999927e-01	1.178463e+01	2.346063e+01
6.037023999999926e-01	1.178462e+01	2.346063e+01
6.037123999999926e-01	1.178461e+01	2.346063e+01
6.037223999999926e-01	1.178460e+01	2.346063e+01
6.037423999999925e-01	1.178458e+01	2.346063e+01
6.037623999999924e-01	1.178456e+01	2.346063e+01
6.037823999999923e-01	1.178454e+01	2.346063e+01
6.038023999999922e-01	1.178451e+01	2.346063e+01
6.038223999999921e-01	1.178449e+01	2.346063e+01
6.038423999999920e-01	1.178447e+01	2.346063e+01
6.038623999999919e-01	1.178445e+01	2.346063e+01
6.038923999999918e-01	1.178442e+01	2.346063e+01
6.039223999999916e-01	1.178438e+01	2.346063e+01
6.039523999999915e-01	1.178435e+01	2.346063e+01
6.039752571428485e-01	1.178433e+01	2.346063e+01
6.039981142857056e-01	1.178430e+01	2.346063e+01
6.040209714285626e-01	1.178428e+01	2.346063e+01
6.040438285714197e-01	1.178425e+01	2.346063e+01
6.040666857142767e-01	1.178423e+01	2.346063e+01
6.040895428571338e-01	1.178420e+01	2.346063e+01
6.041123999999908e-01	1.178418e+01	2.346063e+01
6.041552571428477e-01	1.178413e+01	2.346063e+01
6.041981142857047e-01	1.178409e+01	2.346063e+01
6.042409714285616e-01	1.178404e+01	2.346063e+01
6.042838285714186e-01	1.178399e+01	2.346063e+01
6.043266857142755e-01	1.178395e+01	2.346063e+01
6.043695428571325e-01	1.178390e+01	2.346063e+01
6.044123999999894e-01	1.178386e+01	2.346063e+01
6.054823999999845e-01	1.178272e+01	2.346063e+01
6.065523999999797e-01	1.178161e+01	2.346063e+01
6.076223999999748e-01	1.178053e+01	2.346063e+01
6.086923999999699e-01	1.177946e+01	2.346063e+01
6.097623999999651e-01	1.177842e+01	2.346063e+01
6.108323999999602e-01	1.177740e+01	2.346063e+01
6.119023999999553e-01	1.177641e+01	2.346063e+01
6.133123999999489e-01	1.177512e+01	2.346063e+01
6.147738285713709e-01	1.177384e+01	2.346063e+01
6.162352571427927e-01	1.177258e+01	2.346063e+01
6.176966857142147e-01	1.177136e+01	2.346063e+01
6.191581142856366e-01	1.177018e+01	2.346063e+01
6.206195428570586e-01	1.176903e+01	2.346063e+01
6.220809714284804e-01	1.176791e+01	2.346063e+01
6.235423999999024e-01	1.176683e+01	2.346063e+01
6.235523999999023e-01	1.176682e+01	2.346063e+01
6.250138285713243e-01	1.176577e+01	2.346063e+01
6.264752571427461e-01	1.176475e+01	2.346063e+01
6.279366857141681e-01	1.176376e+01	2.346063e+01
6.293981142855900e-01	1.176279e+01	2.346063e+01
6.308595428570120e-01	1.176186e+01	2.346063e+01
6.323209714284338e-01	1.176095e+01	2.346063e+01
6.337823999998558e-01	1.176007e+01	2.346063e+01
6.337923999998557e-01	1.176006e+01	2.346063e+01
6.352538285712777e-01	1.175920e+01	2.346063e+01
6.367152571426995e-01	1.175837e+01	2.346063e+01
6.381766857141214e-01	1.175756e+01	2.346063e+01
6.396381142855434e-01	1.175678e+01	2.346063e+01
6.410995428569654e-01	1.175601e+01	2.346063e+01
6.425609714283872e-01	1.175527e+01	2.346063e+01
6.440223999998091e-01	1.175455e+01	2.346063e+01
6.440323999998091e-01	1.175455e+01	2.346063e+01
6.451720571426935e-01	1.175400e+01	2.346063e+01
6.463117142855780e-01	1.175347e+01	2.346063e+01
6.474513714284624e-01	1.175295e+01	2.346063e+01
6.485910285713468e-01	1.175244e+01	2.346063e+01
6.497306857142312e-01	1.175194e+01	2.346063e+01
6.508703428571156e-01	1.175145e+01	2.346063e+01
6.520100000000001e-01	1.175097e+01	2.346063e+01
6.520110000000001e-01	1.175097e+01	2.346068e+01
6.520130000000001e-01	1.175097e+01	2.346090e+01
6.520160000000002e-01	1.175097e+01	2.346152e+01
6.520200000000000e-01	1.175097e+01	2.346271e+01
6.520274857142857e-01	1.175097e+01	2.346560e+01
6.520349714285714e-01	1.175096e+01	2.346835e+01
6.520424571428570e-01	1.175096e+01	2.347097e+01
6.520499428571428e-01	1.175096e+01	2.347344e+01
6.520574285714285e-01	1.175096e+01	2.347578e+01
6.520649142857141e-01	1.175096e+01	2.347798e+01
6.520723999999998e-01	1.175095e+01	2.348004e+01
6.520823999999997e-01	1.175095e+01	2.348266e+01
6.520923999999997e-01	1.175095e+01	2.348512e+01
6.521023999999996e-01	1.175095e+01	2.348743e+01
6.521123999999996e-01	1.175095e+01	2.348960e+01
6.521223999999995e-01	1.175095e+01	2.349166e+01
6.521323999999995e-01	1.175095e+01	2.349360e+01
6.521423999999995e-01	1.175094e+01	2.349544e+01
6.521523999999994e-01	1.175094e+01	2.349719e+01
6.521623999999994e-01	1.175094e+01	2.349886e+01
6.521723999999993e-01	1.175094e+01	2.350045e+01
6.521823999999993e-01	1.175094e+01	2.350197e+01
6.521923999999992e-01	1.175094e+01	2.350342e+01
6.522023999999992e-01	1.175094e+01	2.350481e+01
6.522123999999991e-01	1.175094e+01	2.350615e+01
6.522223999999991e-01	1.175094e+01	2.350743e+01
6.522423999999990e-01	1.175095e+01	2.350986e+01
6.522623999999989e-01	1.175095e+01	2.351211e+01
6.522923999999988e-01	1.175095e+01	2.351522e+01
6.523223999999986e-01	1.175096e+01	2.351804e+01
6.523523999999985e-01	1.175096e+01	2.352062e+01
6.523823999999984e-01	1.175097e+01	2.352301e+01
6.524081142857125e-01	1.175097e+01	2.352488e+01
6.524338285714267e-01	1.175098e+01	2.352667e+01
6.524595428571409e-01	1.175098e+01	2.352837e+01
6.524852571428550e-01	1.175099e+01	2.352998e+01
6.525109714285692e-01	1.175100e+01	2.353150e+01
6.525366857142834e-01	1.175101e+01	2.353293e+01
6.525623999999975e-01	1.175101e+01	2.353427e+01
6.525981142857117e-01	1.175103e+01	2.353604e+01
6.526338285714258e-01	1.175104e+01	2.353772e+01
6.526695428571400e-01	1.175105e+01	2.353932e+01
6.527052571428540e-01	1.175107e+01	2.354084e+01
6.527409714285681e-01	1.175108e+01	2.354228e+01
6.527766857142823e-01	1.175109e+01	2.354363e+01
6.528123999999964e-01	1.175111e+01	2.354490e+01
6.528623999999962e-01	1.175113e+01	2.354659e+01
6.529123999999960e-01	1.175115e+01	2.354820e+01
6.529623999999957e-01	1.175118e+01	2.354972e+01
6.530123999999955e-01	1.175120e+01	2.355117e+01
6.530623999999953e-01	1.175123e+01	2.355254e+01
6.531123999999950e-01	1.175125e+01	2.355383e+01
6.531623999999948e-01	1.175128e+01	2.355504e+01
6.532323999999945e-01	1.175131e+01	2.355665e+01
6.533023999999942e-01	1.175135e+01	2.355818e+01
6.533723999999939e-01	1.175139e+01	2.355963e+01
6.534423999999935e-01	1.175143e+01	2.356101e+01
6.535123999999932e-01	1.175147e+01	2.356231e+01
6.535823999999929e-01	1.175152e+01	2.356354e+01
6.536523999999926e-01	1.175156e+01	2.356469e+01
6.537295428571351e-01	1.175161e+01	2.356591e+01
6.538066857142776e-01	1.175165e+01	2.356708e+01
6.538838285714201e-01	1.175170e+01	2.356820e+01
6.539609714285626e-01	1.175175e+01	2.356927e+01
6.540381142857051e-01	1.175181e+01	2.357029e+01
6.541152571428476e-01	1.175186e+01	2.357127e+01
6.541923999999901e-01	1.175191e+01	2.357219e+01
6.542023999999901e-01	1.175192e+01	2.357231e+01
6.543309714285609e-01	1.175201e+01	2.357376e+01
6.544595428571318e-01	1.175210e+01	2.357515e+01
6.545881142857026e-01	1.175219e+01	2.357646e+01
6.547166857142734e-01	1.175228e+01	2.357770e+01
6.548452571428443e-01	1.175238e+01	2.357887e+01
6.549738285714152e-01	1.175247e+01	2.357998e+01
6.551023999999860e-01	1.175257e+01	2.358101e+01
6.552795428571281e-01	1.175270e+01	2.358236e+01
6.554566857142701e-01	1.175284e+01	2.358364e+01
6.556338285714122e-01	1.175298e+01	2.358485e+01
6.558109714285542e-01	1.175312e+01	2.358600e+01
6.559881142856963e-01	1.175326e+01	2.358708e+01
6.561652571428382e-01	1.175341e+01	2.358810e+01
6.563423999999803e-01	1.175355e+01	2.358905e+01
6.565852571428363e-01	1.175375e+01	2.359028e+01
6.568281142856924e-01	1.175395e+01	2.359145e+01
6.570709714285484e-01	1.175416e+01	2.359255e+01
6.573138285714045e-01	1.175436e+01	2.359359e+01
6.575566857142605e-01	1.175457e+01	2.359457e+01
6.577995428571166e-01	1.175478e+01	2.359549e+01
6.580423999999726e-01	1.175499e+01	2.359635e+01
6.583666857142568e-01	1.175527e+01	2.359742e+01
6.586909714285410e-01	1.175555e+01	2.359844e+01
6.590152571428253e-01	1.175583e+01	2.359940e+01
6.593395428571096e-01	1.175612e+01	2.360031e+01
6.596638285713938e-01	1.175640e+01	2.360116e+01
6.599881142856781e-01	1.175669e+01	2.360195e+01
6.603123999999623e-01	1.175698e+01	2.360269e+01
6.607352571428174e-01	1.175735e+01	2.360359e+01
6.611581142856727e-01	1.175773e+01	2.360444e+01
6.615809714285279e-01	1.175811e+01	2.360524e+01
6.620038285713832e-01	1.175848e+01	2.360600e+01
6.624266857142384e-01	1.175886e+01	2.360670e+01
6.628495428570936e-01	1.175923e+01	2.360735e+01
6.632723999999488e-01	1.175961e+01	2.360796e+01
6.634381142856624e-01	1.175976e+01	2.360819e+01
6.636038285713759e-01	1.175990e+01	2.360841e+01
6.637695428570894e-01	1.176005e+01	2.360863e+01
6.639352571428029e-01	1.176020e+01	2.360885e+01
6.641009714285164e-01	1.176034e+01	2.360906e+01
6.642666857142300e-01	1.176049e+01	2.360926e+01
6.644323999999435e-01	1.176064e+01	2.360946e+01
6.644423999999435e-01	1.176064e+01	2.360947e+01
6.650152571427980e-01	1.176115e+01	2.361012e+01
6.655881142856526e-01	1.176165e+01	2.361073e+01
6.661609714285071e-01	1.176215e+01	2.361131e+01
6.667338285713617e-01	1.176265e+01	2.361184e+01
6.673066857142161e-01	1.176314e+01	2.361234e+01
6.678795428570707e-01	1.176363e+01	2.361279e+01
6.684523999999252e-01	1.176412e+01	2.361321e+01
6.691381142856364e-01	1.176470e+01	2.361368e+01
6.698238285713476e-01	1.176528e+01	2.361412e+01
6.705095428570588e-01	1.176585e+01	2.361453e+01
6.711952571427698e-01	1.176641e+01	2.361491e+01
6.718809714284810e-01	1.176697e+01	2.361526e+01
6.725666857141922e-01	1.176753e+01	2.361558e+01
6.732523999999034e-01	1.176808e+01	2.361587e+01
6.734552571427596e-01	1.176824e+01	2.361596e+01
6.736581142856158e-01	1.176840e+01	2.361604e+01
6.738609714284720e-01	1.176856e+01	2.361612e+01
6.740638285713283e-01	1.176872e+01	2.361620e+01
6.742666857141845e-01	1.176888e+01	2.361627e+01
6.744695428570407e-01	1.176904e+01	2.361635e+01
6.746723999998969e-01	1.176920e+01	2.361642e+01
6.746823999998969e-01	1.176920e+01	2.361643e+01
6.754909714284646e-01	1.176983e+01	2.361670e+01
6.762995428570324e-01	1.177045e+01	2.361696e+01
6.771081142856001e-01	1.177106e+01	2.361720e+01
6.779166857141679e-01	1.177166e+01	2.361742e+01
6.787252571427356e-01	1.177226e+01	2.361762e+01
6.795338285713034e-01	1.177284e+01	2.361781e+01
6.803423999998711e-01	1.177342e+01	2.361797e+01
6.809952571427252e-01	1.177389e+01	2.361810e+01
6.816481142855795e-01	1.177434e+01	2.361822e+01
6.823009714284336e-01	1.177479e+01	2.361833e+01
6.829538285712878e-01	1.177524e+01	2.361844e+01
6.836066857141420e-01	1.177568e+01	2.361854e+01
6.842595428569962e-01	1.177612e+01	2.361863e+01
6.849123999998503e-01	1.177655e+01	2.361872e+01
6.849223999998503e-01	1.177655e+01	2.361872e+01
6.858452571427032e-01	1.177715e+01	2.361883e+01
6.867681142855562e-01	1.177774e+01	2.361894e+01
6.876909714284091e-01	1.177832e+01	2.361903e+01
6.886138285712621e-01	1.177889e+01	2.361912e+01
6.895366857141150e-01	1.177946e+01	2.361920e+01
6.904595428569680e-01	1.178001e+01	2.361928e+01
6.913823999998209e-01	1.178055e+01	2.361934e+01
6.919209714283898e-01	1.178086e+01	2.361938e+01
6.924595428569589e-01	1.178117e+01	2.361942e+01
6.929981142855278e-01	1.178148e+01	2.361945e+01
6.935366857140968e-01	1.178178e+01	2.361948e+01
6.940752571426657e-01	1.178208e+01	2.361951e+01
6.946138285712348e-01	1.178237e+01	2.361954e+01
6.951523999998037e-01	1.178267e+01	2.361957e+01
6.951623999998037e-01	1.178267e+01	2.361957e+01
6.961391999998318e-01	1.178320e+01	2.361961e+01
6.971159999998597e-01	1.178371e+01	2.361966e+01
6.980927999998878e-01	1.178422e+01	2.361969e+01
6.990695999999159e-01	1.178471e+01	2.361973e+01
7.000463999999440e-01	1.178520e+01	2.361976e+01
7.010231999999720e-01	1.178568e+01	2.361979e+01
7.020000000000001e-01	1.178615e+01	2.361982e+01
7.020030000000000e-01	1.178615e+01	2.361954e+01
7.020060000000000e-01	1.178615e+01	2.361890e+01
7.020100000000000e-01	1.178615e+01	2.361767e+01
7.020160571428572e-01	1.178615e+01	2.361510e+01
7.020221142857144e-01	1.178616e+01	2.361252e+01
7.020281714285715e-01	1.178616e+01	2.360995e+01
7.020342285714286e-01	1.178616e+01	2.360738e+01
7.020402857142858e-01	1.178616e+01	2.360482e+01
7.020463428571430e-01	1.178616e+01	2.360225e+01
7.020524000000001e-01	1.178617e+01	2.359969e+01
7.020624000000001e-01	1.178617e+01	2.359547e+01
7.020724000000000e-01	1.178617e+01	2.359125e+01
7.020824000000000e-01	1.178617e+01	2.358705e+01
7.020923999999999e-01	1.178617e+01	2.358286e+01
7.021023999999999e-01	1.178617e+01	2.357869e+01
7.021123999999999e-01	1.178617e+01	2.357453e+01
7.021223999999998e-01	1.178617e+01	2.357040e+01
7.021323999999998e-01	1.178617e+01	2.356628e+01
7.021423999999997e-01	1.178617e+01	2.356219e+01
7.021523999999997e-01	1.178617e+01	2.355814e+01
7.021623999999996e-01	1.178617e+01	2.355411e+01
7.021723999999996e-01	1.178617e+01	2.355013e+01
7.021823999999995e-01	1.178617e+01	2.354619e+01
7.021923999999995e-01	1.178616e+01	2.354230e+01
7.022023999999994e-01	1.178616e+01	2.353846e+01
7.022123999999994e-01	1.178616e+01	2.353469e+01
7.022223999999994e-01	1.178615e+01	2.353098e+01
7.022323999999993e-01	1.178615e+01	2.352734e+01
7.022423999999993e-01	1.178614e+01	2.352379e+01
7.022523999999992e-01	1.178614e+01	2.352033e+01
7.022623999999992e-01	1.178613e+01	2.351696e+01
7.022723999999991e-01	1.178613e+01	2.351369e+01
7.022923999999990e-01	1.178611e+01	2.350747e+01
7.023223999999989e-01	1.178609e+01	2.349902e+01
7.023523999999988e-01	1.178607e+01	2.349167e+01
7.023823999999986e-01	1.178605e+01	2.348544e+01
7.024123999999985e-01	1.178602e+01	2.348027e+01
7.024323999999984e-01	1.178600e+01	2.347736e+01
7.024523999999983e-01	1.178598e+01	2.347483e+01
7.024723999999982e-01	1.178596e+01	2.347265e+01
7.024823999999982e-01	1.178595e+01	2.347168e+01
7.024923999999981e-01	1.178594e+01	2.347079e+01
7.025023999999981e-01	1.178593e+01	2.346996e+01
7.025123999999980e-01	1.178592e+01	2.346919e+01
7.025223999999980e-01	1.178591e+01	2.346849e+01
7.025323999999979e-01	1.178590e+01	2.346784e+01
7.025423999999979e-01	1.178589e+01	2.346724e+01
7.025523999999979e-01	1.178588e+01	2.346669e+01
7.025623999999978e-01	1.178587e+01	2.346618e+01
7.025723999999978e-01	1.178586e+01	2.346571e+01
7.025823999999977e-01	1.178585e+01	2.346529e+01
7.025923999999977e-01	1.178584e+01	2.346489e+01
7.026023999999976e-01	1.178583e+01	2.346453e+01
7.026123999999976e-01	1.178582e+01	2.346420e+01
7.026223999999975e-01	1.178581e+01	2.346390e+01
7.026323999999975e-01	1.178579e+01	2.346362e+01
7.026423999999974e-01	1.178578e+01	2.346337e+01
7.026523999999974e-01	1.178577e+01	2.346313e+01
7.026623999999974e-01	1.178576e+01	2.346292e+01
7.026723999999973e-01	1.178575e+01	2.346272e+01
7.026823999999973e-01	1.178574e+01	2.346254e+01
7.026923999999972e-01	1.178573e+01	2.346238e+01
7.027023999999972e-01	1.178572e+01	2.346223e+01
7.027123999999971e-01	1.178571e+01	2.346209e+01
7.027223999999971e-01	1.178570e+01	2.346197e+01
7.027323999999970e-01	1.178569e+01	2.346185e+01
7.027423999999970e-01	1.178568e+01	2.346175e+01
7.027523999999969e-01	1.178566e+01	2.346165e+01
7.027623999999969e-01	1.178565e+01	2.346156e+01
7.027723999999969e-01	1.178564e+01	2.346148e+01
7.027823999999968e-01	1.178563e+01	2.346141e+01
7.027923999999968e-01	1.178562e+01	2.346134e+01
7.028023999999967e-01	1.178561e+01	2.346128e+01
7.028123999999967e-01	1.178560e+01	2.346122e+01
7.028223999999966e-01	1.178559e+01	2.346117e+01
7.028323999999966e-01	1.178558e+01	2.346112e+01
7.028423999999965e-01	1.178556e+01	2.346108e+01
7.028523999999965e-01	1.178555e+01	2.346104e+01
7.028623999999964e-01	1.178554e+01	2.346101e+01
7.028723999999964e-01	1.178553e+01	2.346097e+01
7.028823999999964e-01	1.178552e+01	2.346095e+01
7.028923999999963e-01	1.178551e+01	2.346092e+01
7.029023999999963e-01	1.178550e+01	2.346089e+01
7.029123999999962e-01	1.178549e+01	2.346087e+01
7.029223999999962e-01	1.178548e+01	2.346085e+01
7.029323999999961e-01	1.178547e+01	2.346083e+01
7.029423999999961e-01	1.178545e+01	2.346081e+01
7.029523999999960e-01	1.178544e+01	2.346080e+01
7.029623999999960e-01	1.178543e+01	2.346078e+01
7.029723999999959e-01	1.178542e+01	2.346077e+01
7.029823999999959e-01	1.178541e+01	2.346076e+01
7.029923999999959e-01	1.178540e+01	2.346074e+01
7.030023999999958e-01	1.178539e+01	2.346074e+01
7.030123999999958e-01	1.178538e+01	2.346073e+01
7.030223999999957e-01	1.178537e+01	2.346072e+01
7.030323999999957e-01	1.178536e+01	2.346071e+01
7.030423999999956e-01	1.178534e+01	2.346070e+01
7.030523999999956e-01	1.178533e+01	2.346070e+01
7.030623999999955e-01	1.178532e+01	2.346069e+01
7.030723999999955e-01	1.178531e+01	2.346068e+01
7.030823999999954e-01	1.178530e+01	2.346068e+01
7.030923999999954e-01	1.178529e+01	2.346067e+01
7.031023999999954e-01	1.178528e+01	2.346067e+01
7.031123999999953e-01	1.178527e+01	2.346067e+01
7.031223999999953e-01	1.178526e+01	2.346066e+01
7.031323999999952e-01	1.178525e+01	2.346066e+01
7.031423999999952e-01	1.178523e+01	2.346066e+01
7.031523999999951e-01	1.178522e+01	2.346066e+01
7.031623999999951e-01	1.178521e+01	2.346065e+01
7.031723999999950e-01	1.178520e+01	2.346065e+01
7.031823999999950e-01	1.178519e+01	2.346065e+01
7.031923999999949e-01	1.178518e+01	2.346065e+01
7.032023999999949e-01	1.178517e+01	2.346065e+01
7.032123999999949e-01	1.178516e+01	2.346064e+01
7.032223999999948e-01	1.178515e+01	2.346064e+01
7.032323999999948e-01	1.178514e+01	2.346064e+01
7.032423999999947e-01	1.178512e+01	2.346064e+01
7.032523999999947e-01	1.178511e+01	2.346064e+01
7.032623999999946e-01	1.178510e+01	2.346064e+01
7.032723999999946e-01	1.178509e+01	2.346064e+01
7.032823999999945e-01	1.178508e+01	2.346064e+01
7.032923999999945e-01	1.178507e+01	2.346064e+01
7.033023999999944e-01	1.178506e+01	2.346063e+01
7.033123999999944e-01	1.178505e+01	2.346063e+01
7.033223999999944e-01	1.178504e+01	2.346063e+01
7.033323999999943e-01	1.178503e+01	2.346063e+01
7.033423999999943e-01	1.178502e+01	2.346063e+01
7.033523999999942e-01	1.178500e+01	2.346063e+01
7.033623999999942e-01	1.178499e+01	2.346063e+01
7.033723999999941e-01	1.178498e+01	2.346063e+01
7.033823999999941e-01	1.178497e+01	2.346063e+01
7.033923999999940e-01	1.178496e+01	2.346063e+01
7.034023999999940e-01	1.178495e+01	2.346063e+01
7.034123999999939e-01	1.178494e+01	2.346063e+01
7.034223999999939e-01	1.178493e+01	2.346063e+01
7.034323999999939e-01	1.178492e+01	2.346063e+01
7.034423999999938e-01	1.178491e+01	2.346063e+01
7.034523999999938e-01	1.178489e+01	2.346063e+01
7.034623999999937e-01	1.178488e+01	2.346063e+01
7.034723999999937e-01	1.178487e+01	2.346063e+01
7.034823999999936e-01	1.178486e+01	2.346063e+01
7.034923999999936e-01	1.178485e+01	2.346063e+01
7.035023999999935e-01	1.178484e+01	2.346063e+01
7.035123999999935e-01	1.178483e+01	2.346063e+01
7.035223999999934e-01	1.178482e+01	2.346063e+01
7.035323999999934e-01	1.178481e+01	2.346063e+01
7.035423999999934e-01	1.178480e+01	2.346063e+01
7.035523999999933e-01	1.178479e+01	2.346063e+01
7.035623999999933e-01	1.178477e+01	2.346063e+01
7.035723999999932e-01	1.178476e+01	2.346063e+01
7.035823999999932e-01	1.178475e+01	2.346063e+01
7.035923999999931e-01	1.178474e+01	2.346063e+01
7.036023999999931e-01	1.178473e+01	2.346063e+01
7.036123999999930e-01	1.178472e+01	2.346063e+01
7.036223999999930e-01	1.178471e+01	2.346063e+01
7.036323999999929e-01	1.178470e+01	2.346063e+01
7.036423999999929e-01	1.178469e+01	2.346063e+01
7.036523999999929e-01	1.178468e+01	2.346063e+01
7.036623999999928e-01	1.178467e+01	2.346063e+01
7.036723999999928e-01	1.178466e+01	2.346063e+01
7.036823999999927e-01	1.178465e+01	2.346063e+01
7.036923999999927e-01	1.178463e+01	2.346063e+01
7.037023999999926e-01	1.178462e+01	2.346063e+01
7.037123999999926e-01	1.178461e+01	2.346063e+01
7.037223999999925e-01	1.178460e+01	2.346063e+01
7.037423999999924e-01	1.178458e+01	2.346063e+01
7.037623999999923e-01	1.178456e+01	2.346063e+01
7.037823999999923e-01	1.178454e+01	2.346063e+01
7.038023999999922e-01	1.178451e+01	2.346063e+01
7.038223999999921e-01	1.178449e+01	2.346063e+01
7.038423999999920e-01	1.178447e+01	2.346063e+01
7.038623999999919e-01	1.178445e+01	2.346063e+01
7.038923999999918e-01	1.178442e+01	2.346063e+01
7.039223999999916e-01	1.178438e+01	2.346063e+01
7.039523999999915e-01	1.178435e+01	2.346063e+01
7.039752571428485e-01	1.178433e+01	2.346063e+01
7.039981142857056e-01	1.178430e+01	2.346063e+01
7.040209714285626e-01	1.178428e+01	2.346063e+01
7.040438285714197e-01	1.178425e+01	2.346063e+01
7.040666857142767e-01	1.178423e+01	2.346063e+01
7.040895428571338e-01	1.178420e+01	2.346063e+01
7.041123999999908e-01	1.178418e+01	2.346063e+01
7.041552571428477e-01	1.178413e+01	2.346063e+01
7.041981142857047e-01	1.178409e+01	2.346063e+01
7.042409714285616e-01	1.178404e+01	2.346063e+01
7.042838285714186e-01	1.178399e+01	2.346063e+01
7.043266857142755e-01	1.178395e+01	2.346063e+01
7.043695428571325e-01	1.178390e+01	2.346063e+01
7.044123999999894e-01	1.178386e+01	2.346063e+01
7.053323999999852e-01	1.178288e+01	2.346063e+01
7.067938285714072e-01	1.178137e+01	2.346063e+01
7.082552571428290e-01	1.177990e+01	2.346063e+01
7.097166857142509e-01	1.177847e+01	2.346063e+01
7.111781142856729e-01	1.177708e+01	2.346063e+01
7.126395428570949e-01	1.177573e+01	2.346063e+01
7.141009714285167e-01	1.177442e+01	2.346063e+01
7.155623999999386e-01	1.177315e+01	2.346063e+01
7.155723999999386e-01	1.177314e+01	2.346063e+01
7.170338285713606e-01	1.177191e+01	2.346063e+01
7.184952571427824e-01	1.177071e+01	2.346063e+01
7.199566857142043e-01	1.176955e+01	2.346063e+01
7.214181142856263e-01	1.176842e+01	2.346063e+01
7.228795428570483e-01	1.176732e+01	2.346063e+01
7.243409714284701e-01	1.176625e+01	2.346063e+01
7.258023999998920e-01	1.176522e+01	2.346063e+01
7.258123999998920e-01	1.176521e+01	2.346063e+01
7.272738285713140e-01	1.176421e+01	2.346063e+01
7.287352571427358e-01	1.176323e+01	2.346063e+01
7.301966857141577e-01	1.176228e+01	2.346063e+01
7.316581142855797e-01	1.176136e+01	2.346063e+01
7.331195428570016e-01	1.176046e+01	2.346063e+01
7.345809714284235e-01	1.175959e+01	2.346063e+01
7.360423999998454e-01	1.175875e+01	2.346063e+01
7.360523999998454e-01	1.175875e+01	2.346063e+01
7.375138285712673e-01	1.175793e+01	2.346063e+01
7.389752571426892e-01	1.175713e+01	2.346063e+01
7.404366857141111e-01	1.175636e+01	2.346063e+01
7.418981142855331e-01	1.175561e+01	2.346063e+01
7.433595428569550e-01	1.175488e+01	2.346063e+01
7.448209714283769e-01	1.175417e+01	2.346063e+01
7.462823999997988e-01	1.175348e+01	2.346063e+01
7.462923999997988e-01	1.175348e+01	2.346063e+01
7.520100000000001e-01	1.175097e+01	2.346063e+01
7.520110000000001e-01	1.175097e+01	2.346068e+01
7.520130000000000e-01	1.175097e+01	2.346090e+01
7.520160000000000e-01	1.175097e+01	2.346152e+01
7.520200000000000e-01	1.175097e+01	2.346271e+01
7.520274857142858e-01	1.175097e+01	2.346560e+01
7.520349714285715e-01	1.175096e+01	2.346835e+01
7.520424571428572e-01	1.175096e+01	2.347097e+01
7.520499428571429e-01	1.175096e+01	2.347344e+01
7.520574285714287e-01	1.175096e+01	2.347578e+01
7.520649142857143e-01	1.175096e+01	2.347798e+01
7.520724000000001e-01	1.175095e+01	2.348004e+01
7.520824000000000e-01	1.175095e+01	2.348266e+01
7.520924000000000e-01	1.175095e+01	2.348512e+01
7.521023999999999e-01	1.175095e+01	2.348743e+01
7.521123999999999e-01	1.175095e+01	2.348960e+01
7.521223999999999e-01	1.175095e+01	2.349166e+01
7.521323999999998e-01	1.175095e+01	2.349360e+01
7.521423999999998e-01	1.175094e+01	2.349544e+01
7.521523999999997e-01	1.175094e+01	2.349719e+01
7.521623999999997e-01	1.175094e+01	2.349886e+01
7.521723999999996e-01	1.175094e+01	2.350045e+01
7.521823999999996e-01	1.175094e+01	2.350197e+01
7.521923999999995e-01	1.175094e+01	2.350342e+01
7.522023999999995e-01	1.175094e+01	2.350481e+01
7.522123999999994e-01	1.175094e+01	2.350615e+01
7.522223999999994e-01	1.175094e+01	2.350743e+01
7.522423999999993e-01	1.175095e+01	2.350986e+01
7.522623999999992e-01	1.175095e+01	2.351211e+01
7.522923999999991e-01	1.175095e+01	2.351522e+01
7.523223999999989e-01	1.175096e+01	2.351804e+01
7.523523999999988e-01	1.175096e+01	2.352062e+01
7.523823999999987e-01	1.175097e+01	2.352301e+01
7.524081142857129e-01	1.175097e+01	2.352488e+01
7.524338285714270e-01	1.175098e+01	2.352667e+01
7.524595428571412e-01	1.175098e+01	2.352837e+01
7.524852571428553e-01	1.175099e+01	2.352998e+01
7.525109714285695e-01	1.175100e+01	2.353150e+01
7.525366857142837e-01	1.175101e+01	2.353293e+01
7.525623999999979e-01	1.175101e+01	2.353427e+01
7.525981142857120e-01	1.175103e+01	2.353604e+01
7.526338285714261e-01	1.175104e+01	2.353772e+01
7.526695428571403e-01	1.175105e+01	2.353932e+01
7.527052571428543e-01	1.175107e+01	2.354084e+01
7.527409714285684e-01	1.175108e+01	2.354228e+01
7.527766857142826e-01	1.175109e+01	2.354363e+01
7.528123999999967e-01	1.175111e+01	2.354490e+01
7.528623999999965e-01	1.175113e+01	2.354659e+01
7.529123999999963e-01	1.175115e+01	2.354820e+01
7.529623999999960e-01	1.175118e+01	2.354972e+01
7.530123999999958e-01	1.175120e+01	2.355117e+01
7.530623999999956e-01	1.175123e+01	2.355254e+01
7.531123999999954e-01	1.175125e+01	2.355383e+01
7.531623999999951e-01	1.175128e+01	2.355504e+01
7.532323999999948e-01	1.175131e+01	2.355665e+01
7.533023999999945e-01	1.175135e+01	2.355818e+01
7.533723999999942e-01	1.175139e+01	2.355963e+01
7.534423999999939e-01	1.175143e+01	2.356101e+01
7.535123999999935e-01	1.175147e+01	2.356231e+01
7.535823999999932e-01	1.175152e+01	2.356354e+01
7.536523999999929e-01	1.175156e+01	2.356469e+01
7.537495428571354e-01	1.175162e+01	2.356621e+01
7.538466857142777e-01	1.175168e+01	2.356765e+01
7.539438285714202e-01	1.175174e+01	2.356903e+01
7.540409714285625e-01	1.175181e+01	2.357033e+01
7.541381142857050e-01	1.175187e+01	2.357156e+01
7.542352571428473e-01	1.175194e+01	2.357271e+01
7.543323999999898e-01	1.175201e+01	2.357380e+01
7.544681142857035e-01	1.175210e+01	2.357524e+01
7.546038285714172e-01	1.175220e+01	2.357660e+01
7.547395428571309e-01	1.175230e+01	2.357790e+01
7.548752571428444e-01	1.175240e+01	2.357913e+01
7.550109714285581e-01	1.175250e+01	2.358029e+01
7.551466857142718e-01	1.175260e+01	2.358138e+01
7.552823999999855e-01	1.175271e+01	2.358240e+01
7.554495428571276e-01	1.175284e+01	2.358359e+01
7.556166857142697e-01	1.175297e+01	2.358473e+01
7.557838285714118e-01	1.175310e+01	2.358582e+01
7.559509714285538e-01	1.175323e+01	2.358685e+01
7.561181142856960e-01	1.175337e+01	2.358783e+01
7.562852571428380e-01	1.175350e+01	2.358875e+01
7.564523999999802e-01	1.175364e+01	2.358962e+01
7.564623999999801e-01	1.175365e+01	2.358968e+01
7.567109714285504e-01	1.175386e+01	2.359089e+01
7.569595428571207e-01	1.175406e+01	2.359205e+01
7.572081142856910e-01	1.175427e+01	2.359314e+01
7.574566857142613e-01	1.175448e+01	2.359417e+01
7.577052571428315e-01	1.175470e+01	2.359514e+01
7.579538285714019e-01	1.175491e+01	2.359605e+01
7.582023999999722e-01	1.175512e+01	2.359689e+01
7.585338285713993e-01	1.175541e+01	2.359796e+01
7.588652571428263e-01	1.175570e+01	2.359896e+01
7.591966857142534e-01	1.175599e+01	2.359991e+01
7.595281142856805e-01	1.175628e+01	2.360081e+01
7.598595428571076e-01	1.175658e+01	2.360164e+01
7.601909714285345e-01	1.175687e+01	2.360243e+01
7.605223999999616e-01	1.175716e+01	2.360315e+01
7.609538285713883e-01	1.175755e+01	2.360404e+01
7.613852571428148e-01	1.175793e+01	2.360488e+01
7.618166857142414e-01	1.175832e+01	2.360567e+01
7.622481142856681e-01	1.175870e+01	2.360640e+01
7.626795428570947e-01	1.175908e+01	2.360709e+01
7.631109714285212e-01	1.175947e+01	2.360774e+01
7.635423999999479e-01	1.175985e+01	2.360833e+01
7.639923999999458e-01	1.176025e+01	2.360891e+01
7.644423999999438e-01	1.176064e+01	2.360947e+01
7.648923999999417e-01	1.176104e+01	2.360999e+01
7.653423999999397e-01	1.176144e+01	2.361049e+01
7.657923999999376e-01	1.176183e+01	2.361096e+01
7.662423999999356e-01	1.176222e+01	2.361139e+01
7.666923999999335e-01	1.176261e+01	2.361180e+01
7.667023999999335e-01	1.176262e+01	2.361181e+01
7.673423999999306e-01	1.176317e+01	2.361235e+01
7.679823999999277e-01	1.176372e+01	2.361286e+01
7.686223999999248e-01	1.176427e+01	2.361333e+01
7.692623999999219e-01	1.176481e+01	2.361377e+01
7.699023999999189e-01	1.176534e+01	2.361418e+01
7.705423999999160e-01	1.176587e+01	2.361456e+01
7.711823999999131e-01	1.176640e+01	2.361490e+01
7.719281142856240e-01	1.176701e+01	2.361527e+01
7.726738285713349e-01	1.176761e+01	2.361561e+01
7.734195428570458e-01	1.176821e+01	2.361594e+01
7.741652571427566e-01	1.176880e+01	2.361624e+01
7.749109714284675e-01	1.176938e+01	2.361651e+01
7.756566857141785e-01	1.176996e+01	2.361677e+01
7.764023999998894e-01	1.177053e+01	2.361699e+01
7.769423999998869e-01	1.177094e+01	2.361715e+01
7.777838285713117e-01	1.177156e+01	2.361738e+01
7.786252571427363e-01	1.177218e+01	2.361759e+01
7.794666857141611e-01	1.177280e+01	2.361779e+01
7.803081142855859e-01	1.177340e+01	2.361797e+01
7.811495428570107e-01	1.177399e+01	2.361813e+01
7.819909714284353e-01	1.177458e+01	2.361828e+01
7.828323999998601e-01	1.177516e+01	2.361842e+01
7.834523999998573e-01	1.177558e+01	2.361851e+01
7.840723999998545e-01	1.177599e+01	2.361860e+01
7.846923999998516e-01	1.177640e+01	2.361869e+01
7.853123999998488e-01	1.177681e+01	2.361877e+01
7.859323999998460e-01	1.177721e+01	2.361885e+01
7.865523999998432e-01	1.177761e+01	2.361892e+01
7.871723999998403e-01	1.177800e+01	2.361898e+01
7.871823999998403e-01	1.177801e+01	2.361898e+01
7.881209714284074e-01	1.177859e+01	2.361907e+01
7.890595428569747e-01	1.177917e+01	2.361916e+01
7.899981142855418e-01	1.177973e+01	2.361924e+01
7.909366857141089e-01	1.178029e+01	2.361931e+01
7.918752571426760e-01	1.178084e+01	2.361938e+01
7.928138285712433e-01	1.178137e+01	2.361944e+01
7.937523999998104e-01	1.178190e+01	2.361949e+01
7.942752571426651e-01	1.178219e+01	2.361952e+01
7.947981142855199e-01	1.178247e+01	2.361955e+01
7.953209714283747e-01	1.178276e+01	2.361957e+01
7.958438285712295e-01	1.178304e+01	2.361960e+01
7.963666857140842e-01	1.178332e+01	2.361962e+01
7.968895428569390e-01	1.178359e+01	2.361965e+01
7.974123999997937e-01	1.178387e+01	2.361967e+01
7.974223999997937e-01	1.178387e+01	2.361967e+01
7.980763428569660e-01	1.178421e+01	2.361969e+01
7.987302857141384e-01	1.178454e+01	2.361972e+01
7.993842285713108e-01	1.178487e+01	2.361974e+01
8.000381714284830e-01	1.178520e+01	2.361976e+01
8.006921142856553e-01	1.178552e+01	2.361978e+01
8.013460571428277e-01	1.178583e+01	2.361980e+01
8.020000000000000e-01	1.178615e+01	2.361982e+01
8.020030000000000e-01	1.178615e+01	2.361954e+01
8.020060000000000e-01	1.178615e+01	2.361890e+01
8.020100000000000e-01	1.178615e+01	2.361767e+01
8.020160571428572e-01	1.178615e+01	2.361510e+01
8.020221142857143e-01	1.178616e+01	2.361252e+01
8.020281714285715e-01	1.178616e+01	2.360995e+01
8.020342285714286e-01	1.178616e+01	2.360738e+01
8.020402857142858e-01	1.178616e+01	2.360482e+01
8.020463428571429e-01	1.178616e+01	2.360225e+01
8.020524000000001e-01	1.178617e+01	2.359969e+01
8.020624000000001e-01	1.178617e+01	2.359547e+01
8.020724000000000e-01	1.178617e+01	2.359125e+01
8.020824000000000e-01	1.178617e+01	2.358705e+01
8.020923999999999e-01	1.178617e+01	2.358286e+01
8.021023999999999e-01	1.178617e+01	2.357869e+01
8.021123999999998e-01	1.178617e+01	2.357453e+01
8.021223999999998e-01	1.178617e+01	2.357040e+01
8.021323999999997e-01	1.178617e+01	2.356628e+01
8.021423999999997e-01	1.178617e+01	2.356219e+01
8.021523999999997e-01	1.178617e+01	2.355814e+01
8.021623999999996e-01	1.178617e+01	2.355411e+01
8.021723999999996e-01	1.178617e+01	2.355013e+01
8.021823999999995e-01	1.178617e+01	2.354619e+01
8.021923999999995e-01	1.178616e+01	2.354230e+01
8.022023999999994e-01	1.178616e+01	2.353846e+01
8.022123999999994e-01	1.178616e+01	2.353469e+01
8.022223999999993e-01	1.178615e+01	2.353098e+01
8.022323999999993e-01	1.178615e+01	2.352734e+01
8.022423999999992e-01	1.178614e+01	2.352379e+01
8.022523999999992e-01	1.178614e+01	2.352033e+01
8.022623999999992e-01	1.178613e+01	2.351696e+01
8.022723999999991e-01	1.178613e+01	2.351369e+01
8.022923999999990e-01	1.178611e+01	2.350747e+01
8.023223999999989e-01	1.178609e+01	2.349902e+01
8.023523999999987e-01	1.178607e+01	2.349167e+01
8.023823999999986e-01	1.178605e+01	2.348544e+01
8.024123999999985e-01	1.178602e+01	2.348027e+01
8.024323999999984e-01	1.178600e+01	2.347736e+01
8.024523999999983e-01	1.178598e+01	2.347483e+01
8.024723999999982e-01	1.178596e+01	2.347265e+01
8.024823999999982e-01	1.178595e+01	2.347168e+01
8.024923999999981e-01	1.178594e+01	2.347079e+01
8.025023999999981e-01	1.178593e+01	2.346996e+01
8.025123999999980e-01	1.178592e+01	2.346919e+01
8.025223999999980e-01	1.178591e+01	2.346849e+01
8.025323999999979e-01	1.178590e+01	2.346784e+01
8.025423999999979e-01	1.178589e+01	2.346724e+01
8.025523999999978e-01	1.178588e+01	2.346669e+01
8.025623999999978e-01	1.178587e+01	2.346618e+01
8.025723999999977e-01	1.178586e+01	2.346571e+01
8.025823999999977e-01	1.178585e+01	2.346529e+01
8.025923999999977e-01	1.178584e+01	2.346489e+01
8.026023999999976e-01	1.178583e+01	2.346453e+01
8.026123999999976e-01	1.178582e+01	2.346420e+01
8.026223999999975e-01	1.178581e+01	2.346390e+01
8.026323999999975e-01	1.178579e+01	2.346362e+01
8.026423999999974e-01	1.178578e+01	2.346337e+01
8.026523999999974e-01	1.178577e+01	2.346313e+01
8.026623999999973e-01	1.178576e+01	2.346292e+01
8.026723999999973e-01	1.178575e+01	2.346272e+01
8.026823999999972e-01	1.178574e+01	2.346254e+01
8.026923999999972e-01	1.178573e+01	2.346238e+01
8.027023999999972e-01	1.178572e+01	2.346223e+01
8.027123999999971e-01	1.178571e+01	2.346209e+01
8.027223999999971e-01	1.178570e+01	2.346197e+01
8.027323999999970e-01	1.178569e+01	2.346185e+01
8.027423999999970e-01	1.178568e+01	2.346175e+01
8.027523999999969e-01	1.178566e+01	2.346165e+01
8.027623999999969e-01	1.178565e+01	2.346156e+01
8.027723999999968e-01	1.178564e+01	2.346148e+01
8.027823999999968e-01	1.178563e+01	2.346141e+01
8.027923999999967e-01	1.178562e+01	2.346134e+01
8.028023999999967e-01	1.178561e+01	2.346128e+01
8.028123999999967e-01	1.178560e+01	2.346122e+01
8.028223999999966e-01	1.178559e+01	2.346117e+01
8.028323999999966e-01	1.178558e+01	2.346112e+01
8.028423999999965e-01	1.178556e+01	2.346108e+01
8.028523999999965e-01	1.178555e+01	2.346104e+01
8.028623999999964e-01	1.178554e+01	2.346101e+01
8.028723999999964e-01	1.178553e+01	2.346097e+01
8.028823999999963e-01	1.178552e+01	2.346095e+01
8.028923999999963e-01	1.178551e+01	2.346092e+01
8.029023999999962e-01	1.178550e+01	2.346089e+01
8.029123999999962e-01	1.178549e+01	2.346087e+01
8.029223999999962e-01	1.178548e+01	2.346085e+01
8.029323999999961e-01	1.178547e+01	2.346083e+01
8.029423999999961e-01	1.178545e+01	2.346081e+01
8.029523999999960e-01	1.178544e+01	2.346080e+01
8.029623999999960e-01	1.178543e+01	2.346078e+01
8.029723999999959e-01	1.178542e+01	2.346077e+01
8.029823999999959e-01	1.178541e+01	2.346076e+01
8.029923999999958e-01	1.178540e+01	2.346074e+01
8.030023999999958e-01	1.178539e+01	2.346074e+01
8.030123999999957e-01	1.178538e+01	2.346073e+01
8.030223999999957e-01	1.178537e+01	2.346072e+01
8.030323999999956e-01	1.178536e+01	2.346071e+01
8.030423999999956e-01	1.178534e+01	2.346070e+01
8.030523999999956e-01	1.178533e+01	2.346070e+01
8.030623999999955e-01	1.178532e+01	2.346069e+01
8.030723999999955e-01	1.178531e+01	2.346068e+01
8.030823999999954e-01	1.178530e+01	2.346068e+01
8.030923999999954e-01	1.178529e+01	2.346067e+01
8.031023999999953e-01	1.178528e+01	2.346067e+01
8.031123999999953e-01	1.178527e+01	2.346067e+01
8.031223999999952e-01	1.178526e+01	2.346066e+01
8.031323999999952e-01	1.178525e+01	2.346066e+01
8.031423999999951e-01	1.178523e+01	2.346066e+01
8.031523999999951e-01	1.178522e+01	2.346066e+01
8.031623999999951e-01	1.178521e+01	2.346065e+01
8.031723999999950e-01	1.178520e+01	2.346065e+01
8.031823999999950e-01	1.178519e+01	2.346065e+01
8.031923999999949e-01	1.178518e+01	2.346065e+01
8.032023999999949e-01	1.178517e+01	2.346065e+01
8.032123999999948e-01	1.178516e+01	2.346064e+01
8.032223999999948e-01	1.178515e+01	2.346064e+01
8.032323999999947e-01	1.178514e+01	2.346064e+01
8.032423999999947e-01	1.178512e+01	2.346064e+01
8.032523999999946e-01	1.178511e+01	2.346064e+01
8.032623999999946e-01	1.178510e+01	2.346064e+01
8.032723999999946e-01	1.178509e+01	2.346064e+01
8.032823999999945e-01	1.178508e+01	2.346064e+01
8.032923999999945e-01	1.178507e+01	2.346064e+01
8.033023999999944e-01	1.178506e+01	2.346063e+01
8.033123999999944e-01	1.178505e+01	2.346063e+01
8.033223999999943e-01	1.178504e+01	2.346063e+01
8.033323999999943e-01	1.178503e+01	2.346063e+01
8.033423999999942e-01	1.178502e+01	2.346063e+01
8.033523999999942e-01	1.178500e+01	2.346063e+01
8.033623999999941e-01	1.178499e+01	2.346063e+01
8.033723999999941e-01	1.178498e+01	2.346063e+01
8.033823999999941e-01	1.178497e+01	2.346063e+01
8.033923999999940e-01	1.178496e+01	2.346063e+01
8.034023999999940e-01	1.178495e+01	2.346063e+01
8.034123999999939e-01	1.178494e+01	2.346063e+01
8.034223999999939e-01	1.178493e+01	2.346063e+01
8.034323999999938e-01	1.178492e+01	2.346063e+01
8.034423999999938e-01	1.178491e+01	2.346063e+01
8.034523999999937e-01	1.178489e+01	2.346063e+01
8.034623999999937e-01	1.178488e+01	2.346063e+01
8.034723999999936e-01	1.178487e+01	2.346063e+01
8.034823999999936e-01	1.178486e+01	2.346063e+01
8.034923999999936e-01	1.178485e+01	2.346063e+01
8.035023999999935e-01	1.178484e+01	2.346063e+01
8.035123999999935e-01	1.178483e+01	2.346063e+01
8.035223999999934e-01	1.178482e+01	2.346063e+01
8.035323999999934e-01	1.178481e+01	2.346063e+01
8.035423999999933e-01	1.178480e+01	2.346063e+01
8.035523999999933e-01	1.178479e+01	2.346063e+01
8.035623999999932e-01	1.178477e+01	2.346063e+01
8.035723999999932e-01	1.178476e+01	2.346063e+01
8.035823999999931e-01	1.178475e+01	2.346063e+01
8.035923999999931e-01	1.178474e+01	2.346063e+01
8.036023999999931e-01	1.178473e+01	2.346063e+01
8.036123999999930e-01	1.178472e+01	2.346063e+01
8.036223999999930e-01	1.178471e+01	2.346063e+01
8.036323999999929e-01	1.178470e+01	2.346063e+01
8.036423999999929e-01	1.178469e+01	2.346063e+01
8.036523999999928e-01	1.178468e+01	2.346063e+01
8.036623999999928e-01	1.178467e+01	2.346063e+01
8.036723999999927e-01	1.178466e+01	2.346063e+01
8.036823999999927e-01	1.178464e+01	2.346063e+01
8.036923999999926e-01	1.178463e+01	2.346063e+01
8.037023999999926e-01	1.178462e+01	2.346063e+01
8.037123999999926e-01	1.178461e+01	2.346063e+01
8.037223999999925e-01	1.178460e+01	2.346063e+01
8.037423999999924e-01	1.178458e+01	2.346063e+01
8.037623999999923e-01	1.178456e+01	2.346063e+01
8.037823999999922e-01	1.178454e+01	2.346063e+01
8.038023999999921e-01	1.178451e+01	2.346063e+01
8.038223999999921e-01	1.178449e+01	2.346063e+01
8.038423999999920e-01	1.178447e+01	2.346063e+01
8.038623999999919e-01	1.178445e+01	2.346063e+01
8.038923999999917e-01	1.178442e+01	2.346063e+01
8.039223999999916e-01	1.178438e+01	2.346063e+01
8.039523999999915e-01	1.178435e+01	2.346063e+01
8.039752571428485e-01	1.178433e+01	2.346063e+01
8.039981142857056e-01	1.178430e+01	2.346063e+01
8.040209714285625e-01	1.178428e+01	2.346063e+01
8.040438285714196e-01	1.178425e+01	2.346063e+01
8.040666857142766e-01	1.178423e+01	2.346063e+01
8.040895428571337e-01	1.178420e+01	2.346063e+01
8.041123999999907e-01	1.178418e+01	2.346063e+01
8.041552571428476e-01	1.178413e+01	2.346063e+01
8.041981142857046e-01	1.178409e+01	2.346063e+01
8.042409714285615e-01	1.178404e+01	2.346063e+01
8.042838285714186e-01	1.178399e+01	2.346063e+01
8.043266857142755e-01	1.178395e+01	2.346063e+01
8.043695428571325e-01	1.178390e+01	2.346063e+01
8.044123999999894e-01	1.178386e+01	2.346063e+01
8.048652571428444e-01	1.178337e+01	2.346063e+01
8.053181142856995e-01	1.178290e+01	2.346063e+01
8.057709714285546e-01	1.178242e+01	2.346063e+01
8.062238285714097e-01	1.178195e+01	2.346063e+01
8.066766857142648e-01	1.178149e+01	2.346063e+01
8.071295428571199e-01	1.178102e+01	2.346063e+01
8.075823999999749e-01	1.178057e+01	2.346063e+01
8.075923999999749e-01	1.178056e+01	2.346063e+01
8.090538285713968e-01	1.177911e+01	2.346063e+01
8.105152571428187e-01	1.177771e+01	2.346063e+01
8.119766857142406e-01	1.177634e+01	2.346063e+01
8.134381142856626e-01	1.177501e+01	2.346063e+01
8.148995428570845e-01	1.177372e+01	2.346063e+01
8.163609714285064e-01	1.177247e+01	2.346063e+01
8.178223999999283e-01	1.177126e+01	2.346063e+01
8.178323999999283e-01	1.177125e+01	2.346063e+01
8.192938285713502e-01	1.177007e+01	2.346063e+01
8.207552571427721e-01	1.176893e+01	2.346063e+01
8.222166857141940e-01	1.176781e+01	2.346063e+01
8.236781142856160e-01	1.176673e+01	2.346063e+01
8.251395428570379e-01	1.176568e+01	2.346063e+01
8.266009714284598e-01	1.176466e+01	2.346063e+01
8.280623999998817e-01	1.176367e+01	2.346063e+01
8.280723999998817e-01	1.176367e+01	2.346063e+01
8.295338285713036e-01	1.176271e+01	2.346063e+01
8.309952571427255e-01	1.176177e+01	2.346063e+01
8.324566857141474e-01	1.176087e+01	2.346063e+01
8.339181142855694e-01	1.175998e+01	2.346063e+01
8.353795428569913e-01	1.175913e+01	2.346063e+01
8.368409714284132e-01	1.175830e+01	2.346063e+01
8.383023999998351e-01	1.175749e+01	2.346063e+01
8.383123999998351e-01	1.175749e+01	2.346063e+01
8.397738285712570e-01	1.175671e+01	2.346063e+01
8.412352571426789e-01	1.175595e+01	2.346063e+01
8.426966857141008e-01	1.175521e+01	2.346063e+01
8.441581142855228e-01	1.175449e+01	2.346063e+01
8.456195428569447e-01	1.175379e+01	2.346063e+01
8.470809714283666e-01	1.175311e+01	2.346063e+01
8.485423999997885e-01	1.175246e+01	2.346063e+01
8.485523999997885e-01	1.175245e+01	2.346063e+01
8.520100000000000e-01	1.175097e+01	2.346063e+01
8.520110000000001e-01	1.175097e+01	2.346068e+01
8.520130000000000e-01	1.175097e+01	2.346090e+01
8.520160000000001e-01	1.175097e+01	2.346152e+01
8.520200000000000e-01	1.175097e+01	2.346271e+01
8.520274857142857e-01	1.175097e+01	2.346560e+01
8.520349714285713e-01	1.175096e+01	2.346835e+01
8.520424571428570e-01	1.175096e+01	2.347097e+01
8.520499428571428e-01	1.175096e+01	2.347344e+01
8.520574285714284e-01	1.175096e+01	2.347578e+01
8.520649142857141e-01	1.175096e+01	2.347798e+01
8.520723999999997e-01	1.175095e+01	2.348004e+01
8.520823999999997e-01	1.175095e+01	2.348266e+01
8.520923999999996e-01	1.175095e+01	2.348512e+01
8.521023999999996e-01	1.175095e+01	2.348743e+01
8.521123999999995e-01	1.175095e+01	2.348960e+01
8.521223999999995e-01	1.175095e+01	2.349166e+01
8.521323999999995e-01	1.175095e+01	2.349360e+01
8.521423999999994e-01	1.175094e+01	2.349544e+01
8.521523999999994e-01	1.175094e+01	2.349719e+01
8.521623999999993e-01	1.175094e+01	2.349886e+01
8.521723999999993e-01	1.175094e+01	2.350045e+01
8.521823999999992e-01	1.175094e+01	2.350197e+01
8.521923999999992e-01	1.175094e+01	2.350342e+01
8.522023999999991e-01	1.175094e+01	2.350481e+01
8.522123999999991e-01	1.175094e+01	2.350615e+01
8.522223999999990e-01	1.175094e+01	2.350743e+01
8.522423999999990e-01	1.175095e+01	2.350986e+01
8.522623999999989e-01	1.175095e+01	2.351211e+01
8.522923999999987e-01	1.175095e+01	2.351522e+01
8.523223999999986e-01	1.175096e+01	2.351804e+01
8.523523999999985e-01	1.175096e+01	2.352062e+01
8.523823999999983e-01	1.175097e+01	2.352301e+01
8.524081142857125e-01	1.175097e+01	2.352488e+01
8.524338285714267e-01	1.175098e+01	2.352667e+01
8.524595428571409e-01	1.175098e+01	2.352837e+01
8.524852571428549e-01	1.175099e+01	2.352998e+01
8.525109714285691e-01	1.175100e+01	2.353150e+01
8.525366857142833e-01	1.175101e+01	2.353293e+01
8.525623999999975e-01	1.175101e+01	2.353427e+01
8.525981142857116e-01	1.175103e+01	2.353604e+01
8.526338285714258e-01	1.175104e+01	2.353772e+01
8.526695428571399e-01	1.175105e+01	2.353932e+01
8.527052571428539e-01	1.175107e+01	2.354084e+01
8.527409714285681e-01	1.175108e+01	2.354228e+01
8.527766857142822e-01	1.175109e+01	2.354363e+01
8.528123999999964e-01	1.175111e+01	2.354490e+01
8.528623999999961e-01	1.175113e+01	2.354659e+01
8.529123999999959e-01	1.175115e+01	2.354820e+01
8.529623999999957e-01	1.175118e+01	2.354972e+01
8.530123999999955e-01	1.175120e+01	2.355117e+01
8.530623999999952e-01	1.175123e+01	2.355254e+01
8.531123999999950e-01	1.175125e+01	2.355383e+01
8.531623999999948e-01	1.175128e+01	2.355504e+01
8.532323999999945e-01	1.175131e+01	2.355665e+01
8.533023999999941e-01	1.175135e+01	2.355818e+01
8.533723999999938e-01	1.175139e+01	2.355963e+01
8.534423999999935e-01	1.175143e+01	2.356101e+01
8.535123999999932e-01	1.175147e+01	2.356231e+01
8.535823999999929e-01	1.175152e+01	2.356354e+01
8.536523999999925e-01	1.175156e+01	2.356469e+01
8.537495428571350e-01	1.175162e+01	2.356621e+01
8.538466857142774e-01	1.175168e+01	2.356765e+01
8.539438285714198e-01	1.175174e+01	2.356903e+01
8.540409714285622e-01	1.175181e+01	2.357033e+01
8.541381142857046e-01	1.175187e+01	2.357156e+01
8.542352571428470e-01	1.175194e+01	2.357271e+01
8.543323999999894e-01	1.175201e+01	2.357380e+01
8.544681142857031e-01	1.175210e+01	2.357524e+01
8.546038285714168e-01	1.175220e+01	2.357660e+01
8.547395428571305e-01	1.175230e+01	2.357790e+01
8.548752571428441e-01	1.175240e+01	2.357913e+01
8.550109714285578e-01	1.175250e+01	2.358029e+01
8.551466857142714e-01	1.175260e+01	2.358138e+01
8.552823999999851e-01	1.175271e+01	2.358240e+01
8.554695428571272e-01	1.175285e+01	2.358373e+01
8.556566857142691e-01	1.175300e+01	2.358499e+01
8.558438285714112e-01	1.175315e+01	2.358619e+01
8.560309714285531e-01	1.175330e+01	2.358733e+01
8.562181142856952e-01	1.175345e+01	2.358839e+01
8.564052571428371e-01	1.175360e+01	2.358939e+01
8.565923999999792e-01	1.175376e+01	2.359033e+01
8.568466857142637e-01	1.175397e+01	2.359153e+01
8.571009714285482e-01	1.175418e+01	2.359267e+01
8.573552571428328e-01	1.175440e+01	2.359375e+01
8.576095428571174e-01	1.175461e+01	2.359477e+01
8.578638285714020e-01	1.175483e+01	2.359573e+01
8.581181142856865e-01	1.175505e+01	2.359662e+01
8.583723999999711e-01	1.175527e+01	2.359746e+01
8.587223999999695e-01	1.175558e+01	2.359855e+01
8.590781142856821e-01	1.175589e+01	2.359957e+01
8.594338285713948e-01	1.175620e+01	2.360054e+01
8.597895428571075e-01	1.175651e+01	2.360145e+01
8.601452571428201e-01	1.175683e+01	2.360231e+01
8.605009714285328e-01	1.175714e+01	2.360312e+01
8.608566857142455e-01	1.175746e+01	2.360387e+01
8.612123999999581e-01	1.175778e+01	2.360456e+01
8.616709714285274e-01	1.175819e+01	2.360540e+01
8.621295428570969e-01	1.175859e+01	2.360619e+01
8.625881142856662e-01	1.175900e+01	2.360694e+01
8.630466857142355e-01	1.175941e+01	2.360764e+01
8.635052571428048e-01	1.175982e+01	2.360829e+01
8.639638285713742e-01	1.176022e+01	2.360889e+01
8.644223999999435e-01	1.176063e+01	2.360945e+01
8.649952571427980e-01	1.176113e+01	2.361010e+01
8.655681142856526e-01	1.176163e+01	2.361071e+01
8.661409714285071e-01	1.176213e+01	2.361129e+01
8.667138285713617e-01	1.176263e+01	2.361182e+01
8.672866857142162e-01	1.176312e+01	2.361232e+01
8.678595428570708e-01	1.176362e+01	2.361278e+01
8.684323999999253e-01	1.176410e+01	2.361320e+01
8.689623999999229e-01	1.176455e+01	2.361357e+01
8.696595428570626e-01	1.176514e+01	2.361402e+01
8.703566857142022e-01	1.176572e+01	2.361444e+01
8.710538285713419e-01	1.176630e+01	2.361483e+01
8.717509714284816e-01	1.176687e+01	2.361519e+01
8.724481142856213e-01	1.176743e+01	2.361552e+01
8.731452571427609e-01	1.176799e+01	2.361583e+01
8.738423999999007e-01	1.176854e+01	2.361611e+01
8.746066857141829e-01	1.176914e+01	2.361640e+01
8.753709714284651e-01	1.176974e+01	2.361666e+01
8.761352571427473e-01	1.177032e+01	2.361691e+01
8.768995428570296e-01	1.177090e+01	2.361714e+01
8.776638285713119e-01	1.177148e+01	2.361736e+01
8.784281142855941e-01	1.177204e+01	2.361755e+01
8.791923999998763e-01	1.177260e+01	2.361773e+01
8.792023999998763e-01	1.177260e+01	2.361773e+01
8.800723999998723e-01	1.177323e+01	2.361791e+01
8.809423999998683e-01	1.177385e+01	2.361809e+01
8.818123999998644e-01	1.177446e+01	2.361825e+01
8.826823999998604e-01	1.177505e+01	2.361840e+01
8.835523999998565e-01	1.177564e+01	2.361853e+01
8.844223999998525e-01	1.177622e+01	2.361866e+01
8.852923999998485e-01	1.177680e+01	2.361877e+01
8.858838285712745e-01	1.177718e+01	2.361884e+01
8.864752571427003e-01	1.177756e+01	2.361891e+01
8.870666857141262e-01	1.177793e+01	2.361897e+01
8.876581142855521e-01	1.177830e+01	2.361903e+01
8.882495428569780e-01	1.177867e+01	2.361909e+01
8.888409714284038e-01	1.177903e+01	2.361914e+01
8.894323999998297e-01	1.177939e+01	2.361919e+01
8.894423999998297e-01	1.177940e+01	2.361919e+01
8.903952571426824e-01	1.177997e+01	2.361927e+01
8.913481142855353e-01	1.178053e+01	2.361934e+01
8.923009714283880e-01	1.178108e+01	2.361941e+01
8.932538285712409e-01	1.178162e+01	2.361947e+01
8.942066857140937e-01	1.178215e+01	2.361952e+01
8.951595428569465e-01	1.178267e+01	2.361957e+01
8.961123999997993e-01	1.178318e+01	2.361961e+01
8.966209714283684e-01	1.178345e+01	2.361963e+01
8.971295428569376e-01	1.178372e+01	2.361966e+01
8.976381142855067e-01	1.178398e+01	2.361968e+01
8.981466857140757e-01	1.178425e+01	2.361970e+01
8.986552571426448e-01	1.178450e+01	2.361971e+01
8.991638285712140e-01	1.178476e+01	2.361973e+01
8.996723999997831e-01	1.178502e+01	2.361975e+01
8.996823999997831e-01	1.178502e+01	2.361975e+01
9.000134857140998e-01	1.178518e+01	2.361976e+01
9.003445714284165e-01	1.178535e+01	2.361977e+01
9.006756571427332e-01	1.178551e+01	2.361978e+01
9.010067428570498e-01	1.178567e+01	2.361979e+01
9.013378285713666e-01	1.178583e+01	2.361980e+01
9.016689142856833e-01	1.178599e+01	2.361981e+01
9.020000000000000e-01	1.178615e+01	2.361982e+01
9.020030000000000e-01	1.178615e+01	2.361954e+01
9.020060000000000e-01	1.178615e+01	2.361890e+01
9.020100000000000e-01	1.178615e+01	2.361767e+01
9.020160571428572e-01	1.178615e+01	2.361510e+01
9.020221142857143e-01	1.178616e+01	2.361252e+01
9.020281714285715e-01	1.178616e+01	2.360995e+01
9.020342285714286e-01	1.178616e+01	2.360738e+01
9.020402857142857e-01	1.178616e+01	2.360482e+01
9.020463428571429e-01	1.178616e+01	2.360225e+01
9.020524000000001e-01	1.178617e+01	2.359969e+01
9.020624000000000e-01	1.178617e+01	2.359547e+01
9.020724000000000e-01	1.178617e+01	2.359125e+01
9.020824000000000e-01	1.178617e+01	2.358705e+01
9.020923999999999e-01	1.178617e+01	2.358286e+01
9.021023999999999e-01	1.178617e+01	2.357869e+01
9.021123999999998e-01	1.178617e+01	2.357453e+01
9.021223999999998e-01	1.178617e+01	2.357040e+01
9.021323999999997e-01	1.178617e+01	2.356628e+01
9.021423999999997e-01	1.178617e+01	2.356219e+01
9.021523999999996e-01	1.178617e+01	2.355814e+01
9.021623999999996e-01	1.178617e+01	2.355411e+01
9.021723999999995e-01	1.178617e+01	2.355013e+01
9.021823999999995e-01	1.178617e+01	2.354619e+01
9.021923999999995e-01	1.178616e+01	2.354230e+01
9.022023999999994e-01	1.178616e+01	2.353846e+01
9.022123999999994e-01	1.178616e+01	2.353469e+01
9.022223999999993e-01	1.178615e+01	2.353098e+01
9.022323999999993e-01	1.178615e+01	2.352734e+01
9.022423999999992e-01	1.178614e+01	2.352379e+01
9.022523999999992e-01	1.178614e+01	2.352033e+01
9.022623999999991e-01	1.178613e+01	2.351696e+01
9.022723999999991e-01	1.178613e+01	2.351369e+01
9.022923999999990e-01	1.178611e+01	2.350747e+01
9.023223999999989e-01	1.178609e+01	2.349902e+01
9.023523999999987e-01	1.178607e+01	2.349167e+01
9.023823999999986e-01	1.178605e+01	2.348544e+01
9.024123999999984e-01	1.178602e+01	2.348027e+01
9.024323999999984e-01	1.178600e+01	2.347736e+01
9.024523999999983e-01	1.178598e+01	2.347483e+01
9.024723999999982e-01	1.178596e+01	2.347265e+01
9.024823999999981e-01	1.178595e+01	2.347168e+01
9.024923999999981e-01	1.178594e+01	2.347079e+01
9.025023999999980e-01	1.178593e+01	2.346996e+01
9.025123999999980e-01	1.178592e+01	2.346919e+01
9.025223999999979e-01	1.178591e+01	2.346849e+01
9.025323999999979e-01	1.178590e+01	2.346784e+01
9.025423999999979e-01	1.178589e+01	2.346724e+01
9.025523999999978e-01	1.178588e+01	2.346669e+01
9.025623999999978e-01	1.178587e+01	2.346618e+01
9.025723999999977e-01	1.178586e+01	2.346571e+01
9.025823999999977e-01	1.178585e+01	2.346529e+01
9.025923999999976e-01	1.178584e+01	2.346489e+01
9.026023999999976e-01	1.178583e+01	2.346453e+01
9.026123999999975e-01	1.178582e+01	2.346420e+01
9.026223999999975e-01	1.178581e+01	2.346390e+01
9.026323999999974e-01	1.178579e+01	2.346362e+01
9.026423999999974e-01	1.178578e+01	2.346337e+01
9.026523999999974e-01	1.178577e+01	2.346313e+01
9.026623999999973e-01	1.178576e+01	2.346292e+01
9.026723999999973e-01	1.178575e+01	2.346272e+01
9.026823999999972e-01	1.178574e+01	2.346254e+01
9.026923999999972e-01	1.178573e+01	2.346238e+01
9.027023999999971e-01	1.178572e+01	2.346223e+01
9.027123999999971e-01	1.178571e+01	2.346209e+01
9.027223999999970e-01	1.178570e+01	2.346197e+01
9.027323999999970e-01	1.178569e+01	2.346185e+01
9.027423999999969e-01	1.178568e+01	2.346175e+01
9.027523999999969e-01	1.178566e+01	2.346165e+01
9.027623999999969e-01	1.178565e+01	2.346156e+01
9.027723999999968e-01	1.178564e+01	2.346148e+01
9.027823999999968e-01	1.178563e+01	2.346141e+01
9.027923999999967e-01	1.178562e+01	2.346134e+01
9.028023999999967e-01	1.178561e+01	2.346128e+01
9.028123999999966e-01	1.178560e+01	2.346122e+01
9.028223999999966e-01	1.178559e+01	2.346117e+01
9.028323999999965e-01	1.178558e+01	2.346112e+01
9.028423999999965e-01	1.178556e+01	2.346108e+01
9.028523999999964e-01	1.178555e+01	2.346104e+01
9.028623999999964e-01	1.178554e+01	2.346101e+01
9.028723999999964e-01	1.178553e+01	2.346097e+01
9.028823999999963e-01	1.178552e+01	2.346095e+01
9.028923999999963e-01	1.178551e+01	2.346092e+01
9.029023999999962e-01	1.178550e+01	2.346089e+01
9.029123999999962e-01	1.178549e+01	2.346087e+01
9.029223999999961e-01	1.178548e+01	2.346085e+01
9.029323999999961e-01	1.178547e+01	2.346083e+01
9.029423999999960e-01	1.178545e+01	2.346081e+01
9.029523999999960e-01	1.178544e+01	2.346080e+01
9.029623999999959e-01	1.178543e+01	2.346078e+01
9.029723999999959e-01	1.178542e+01	2.346077e+01
9.029823999999959e-01	1.178541e+01	2.346076e+01
9.029923999999958e-01	1.178540e+01	2.346074e+01
9.030023999999958e-01	1.178539e+01	2.346074e+01
9.030123999999957e-01	1.178538e+01	2.346073e+01
9.030223999999957e-01	1.178537e+01	2.346072e+01
9.030323999999956e-01	1.178536e+01	2.346071e+01
9.030423999999956e-01	1.178534e+01	2.346070e+01
9.030523999999955e-01	1.178533e+01	2.346070e+01
9.030623999999955e-01	1.178532e+01	2.346069e+01
9.030723999999954e-01	1.178531e+01	2.346068e+01
9.030823999999954e-01	1.178530e+01	2.346068e+01
9.030923999999954e-01	1.178529e+01	2.346067e+01
9.031023999999953e-01	1.178528e+01	2.346067e+01
9.031123999999953e-01	1.178527e+01	2.346067e+01
9.031223999999952e-01	1.178526e+01	2.346066e+01
9.031323999999952e-01	1.178525e+01	2.346066e+01
9.031423999999951e-01	1.178523e+01	2.346066e+01
9.031523999999951e-01	1.178522e+01	2.346066e+01
9.031623999999950e-01	1.178521e+01	2.346065e+01
9.031723999999950e-01	1.178520e+01	2.346065e+01
9.031823999999949e-01	1.178519e+01	2.346065e+01
9.031923999999949e-01	1.178518e+01	2.346065e+01
9.032023999999949e-01	1.178517e+01	2.346065e+01
9.032123999999948e-01	1.178516e+01	2.346064e+01
9.032223999999948e-01	1.178515e+01	2.346064e+01
9.032323999999947e-01	1.178514e+01	2.346064e+01
9.032423999999947e-01	1.178512e+01	2.346064e+01
9.032523999999946e-01	1.178511e+01	2.346064e+01
9.032623999999946e-01	1.178510e+01	2.346064e+01
9.032723999999945e-01	1.178509e+01	2.346064e+01
9.032823999999945e-01	1.178508e+01	2.346064e+01
9.032923999999944e-01	1.178507e+01	2.346064e+01
9.033023999999944e-01	1.178506e+01	2.346063e+01
9.033123999999944e-01	1.178505e+01	2.346063e+01
9.033223999999943e-01	1.178504e+01	2.346063e+01
9.033323999999943e-01	1.178503e+01	2.346063e+01
9.033423999999942e-01	1.178502e+01	2.346063e+01
9.033523999999942e-01	1.178500e+01	2.346063e+01
9.033623999999941e-01	1.178499e+01	2.346063e+01
9.033723999999941e-01	1.178498e+01	2.346063e+01
9.033823999999940e-01	1.178497e+01	2.346063e+01
9.033923999999940e-01	1.178496e+01	2.346063e+01
9.034023999999939e-01	1.178495e+01	2.346063e+01
9.034123999999939e-01	1.178494e+01	2.346063e+01
9.034223999999939e-01	1.178493e+01	2.346063e+01
9.034323999999938e-01	1.178492e+01	2.346063e+01
9.034423999999938e-01	1.178491e+01	2.346063e+01
9.034523999999937e-01	1.178489e+01	2.346063e+01
9.034623999999937e-01	1.178488e+01	2.346063e+01
9.034723999999936e-01	1.178487e+01	2.346063e+01
9.034823999999936e-01	1.178486e+01	2.346063e+01
9.034923999999935e-01	1.178485e+01	2.346063e+01
9.035023999999935e-01	1.178484e+01	2.346063e+01
9.035123999999934e-01	1.178483e+01	2.346063e+01
9.035223999999934e-01	1.178482e+01	2.346063e+01
9.035323999999934e-01	1.178481e+01	2.346063e+01
9.035423999999933e-01	1.178480e+01	2.346063e+01
9.035523999999933e-01	1.178479e+01	2.346063e+01
9.035623999999932e-01	1.178477e+01	2.346063e+01
9.035723999999932e-01	1.178476e+01	2.346063e+01
9.035823999999931e-01	1.178475e+01	2.346063e+01
9.035923999999931e-01	1.178474e+01	2.346063e+01
9.036023999999930e-01	1.178473e+01	2.346063e+01
9.036123999999930e-01	1.178472e+01	2.346063e+01
9.036223999999929e-01	1.178471e+01	2.346063e+01
9.036323999999929e-01	1.178470e+01	2.346063e+01
9.036423999999929e-01	1.178469e+01	2.346063e+01
9.036523999999928e-01	1.178468e+01	2.346063e+01
9.036623999999928e-01	1.178467e+01	2.346063e+01
9.036723999999927e-01	1.178466e+01	2.346063e+01
9.036823999999927e-01	1.178464e+01	2.346063e+01
9.036923999999926e-01	1.178463e+01	2.346063e+01
9.037023999999926e-01	1.178462e+01	2.346063e+01
9.037123999999925e-01	1.178461e+01	2.346063e+01
9.037223999999925e-01	1.178460e+01	2.346063e+01
9.037423999999924e-01	1.178458e+01	2.346063e+01
9.037623999999923e-01	1.178456e+01	2.346063e+01
9.037823999999922e-01	1.178454e+01	2.346063e+01
9.038023999999921e-01	1.178451e+01	2.346063e+01
9.038223999999920e-01	1.178449e+01	2.346063e+01
9.038423999999919e-01	1.178447e+01	2.346063e+01
9.038623999999919e-01	1.178445e+01	2.346063e+01
9.038923999999917e-01	1.178442e+01	2.346063e+01
9.039223999999916e-01	1.178438e+01	2.346063e+01
9.039523999999914e-01	1.178435e+01	2.346063e+01
9.039752571428484e-01	1.178433e+01	2.346063e+01
9.039981142857055e-01	1.178430e+01	2.346063e+01
9.040209714285625e-01	1.178428e+01	2.346063e+01
9.040438285714196e-01	1.178425e+01	2.346063e+01
9.040666857142766e-01	1.178423e+01	2.346063e+01
9.040895428571337e-01	1.178420e+01	2.346063e+01
9.041123999999907e-01	1.178418e+01	2.346063e+01
9.041552571428476e-01	1.178413e+01	2.346063e+01
9.041981142857046e-01	1.178409e+01	2.346063e+01
9.042409714285615e-01	1.178404e+01	2.346063e+01
9.042838285714185e-01	1.178399e+01	2.346063e+01
9.043266857142754e-01	1.178395e+01	2.346063e+01
9.043695428571324e-01	1.178390e+01	2.346063e+01
9.044123999999893e-01	1.178386e+01	2.346063e+01
9.051881142857001e-01	1.178303e+01	2.346063e+01
9.059638285714109e-01	1.178222e+01	2.346063e+01
9.067395428571217e-01	1.178142e+01	2.346063e+01
9.075152571428323e-01	1.178063e+01	2.346063e+01
9.082909714285431e-01	1.177986e+01	2.346063e+01
9.090666857142539e-01	1.177910e+01	2.346063e+01
9.098423999999646e-01	1.177835e+01	2.346063e+01
9.098523999999646e-01	1.177834e+01	2.346063e+01
9.113138285713865e-01	1.177696e+01	2.346063e+01
9.127752571428084e-01	1.177561e+01	2.346063e+01
9.142366857142303e-01	1.177430e+01	2.346063e+01
9.156981142856523e-01	1.177304e+01	2.346063e+01
9.171595428570742e-01	1.177180e+01	2.346063e+01
9.186209714284961e-01	1.177061e+01	2.346063e+01
9.200823999999180e-01	1.176945e+01	2.346063e+01
9.200923999999180e-01	1.176944e+01	2.346063e+01
9.215538285713399e-01	1.176832e+01	2.346063e+01
9.230152571427618e-01	1.176722e+01	2.346063e+01
9.244766857141837e-01	1.176616e+01	2.346063e+01
9.259381142856057e-01	1.176512e+01	2.346063e+01
9.273995428570276e-01	1.176412e+01	2.346063e+01
9.288609714284495e-01	1.176314e+01	2.346063e+01
9.303223999998714e-01	1.176220e+01	2.346063e+01
9.303323999998714e-01	1.176219e+01	2.346063e+01
9.317938285712933e-01	1.176128e+01	2.346063e+01
9.332552571427152e-01	1.176038e+01	2.346063e+01
9.347166857141371e-01	1.175952e+01	2.346063e+01
9.361781142855591e-01	1.175867e+01	2.346063e+01
9.376395428569810e-01	1.175785e+01	2.346063e+01
9.391009714284029e-01	1.175706e+01	2.346063e+01
9.405623999998248e-01	1.175629e+01	2.346063e+01
9.405723999998248e-01	1.175629e+01	2.346063e+01
9.420338285712467e-01	1.175554e+01	2.346063e+01
9.434952571426686e-01	1.175481e+01	2.346063e+01
9.449566857140905e-01	1.175411e+01	2.346063e+01
9.464181142855125e-01	1.175342e+01	2.346063e+01
9.478795428569344e-01	1.175275e+01	2.346063e+01
9.493409714283563e-01	1.175211e+01	2.346063e+01
9.508023999997782e-01	1.175148e+01	2.346063e+01
9.508123999997782e-01	1.175147e+01	2.346063e+01
9.520100000000000e-01	1.175097e+01	2.346063e+01
9.520110000000001e-01	1.175097e+01	2.346068e+01
9.520130000000000e-01	1.175097e+01	2.346090e+01
9.520160000000000e-01	1.175097e+01	2.346152e+01
9.520200000000000e-01	1.175097e+01	2.346271e+01
9.520274857142857e-01	1.175097e+01	2.346560e+01
9.520349714285714e-01	1.175096e+01	2.346835e+01
9.520424571428572e-01	1.175096e+01	2.347097e+01
9.520499428571428e-01	1.175096e+01	2.347344e+01
9.520574285714286e-01	1.175096e+01	2.347578e+01
9.520649142857143e-01	1.175096e+01	2.347798e+01
9.520724000000000e-01	1.175095e+01	2.348004e+01
9.520824000000000e-01	1.175095e+01	2.348266e+01
9.520923999999999e-01	1.175095e+01	2.348512e+01
9.521023999999999e-01	1.175095e+01	2.348743e+01
9.521123999999999e-01	1.175095e+01	2.348960e+01
9.521223999999998e-01	1.175095e+01	2.349166e+01
9.521323999999998e-01	1.175095e+01	2.349360e+01
9.521423999999997e-01	1.175094e+01	2.349544e+01
9.521523999999997e-01	1.175094e+01	2.349719e+01
9.521623999999996e-01	1.175094e+01	2.349886e+01
9.521723999999996e-01	1.175094e+01	2.350045e+01
9.521823999999995e-01	1.175094e+01	2.350197e+01
9.521923999999995e-01	1.175094e+01	2.350342e+01
9.522023999999994e-01	1.175094e+01	2.350481e+01
9.522123999999994e-01	1.175094e+01	2.350615e+01
9.522223999999994e-01	1.175094e+01	2.350743e+01
9.522423999999993e-01	1.175095e+01	2.350986e+01
9.522623999999992e-01	1.175095e+01	2.351211e+01
9.522923999999990e-01	1.175095e+01	2.351522e+01
9.523223999999989e-01	1.175096e+01	2.351804e+01
9.523523999999988e-01	1.175096e+01	2.352062e+01
9.523823999999986e-01	1.175097e+01	2.352301e+01
9.524081142857128e-01	1.175097e+01	2.352488e+01
9.524338285714270e-01	1.175098e+01	2.352667e+01
9.524595428571412e-01	1.175098e+01	2.352837e+01
9.524852571428553e-01	1.175099e+01	2.352998e+01
9.525109714285694e-01	1.175100e+01	2.353150e+01
9.525366857142836e-01	1.175101e+01	2.353293e+01
9.525623999999978e-01	1.175101e+01	2.353427e+01
9.525981142857119e-01	1.175103e+01	2.353604e+01
9.526338285714261e-01	1.175104e+01	2.353772e+01
9.526695428571402e-01	1.175105e+01	2.353932e+01
9.527052571428543e-01	1.175107e+01	2.354084e+01
9.527409714285684e-01	1.175108e+01	2.354228e+01
9.527766857142825e-01	1.175109e+01	2.354363e+01
9.528123999999967e-01	1.175111e+01	2.354490e+01
9.528623999999964e-01	1.175113e+01	2.354659e+01
9.529123999999962e-01	1.175115e+01	2.354820e+01
9.529623999999960e-01	1.175118e+01	2.354972e+01
9.530123999999958e-01	1.175120e+01	2.355117e+01
9.530623999999955e-01	1.175123e+01	2.355254e+01
9.531123999999953e-01	1.175125e+01	2.355383e+01
9.531623999999951e-01	1.175128e+01	2.355504e+01
9.532323999999948e-01	1.175131e+01	2.355665e+01
9.533023999999944e-01	1.175135e+01	2.355818e+01
9.533723999999941e-01	1.175139e+01	2.355963e+01
9.534423999999938e-01	1.175143e+01	2.356101e+01
9.535123999999935e-01	1.175147e+01	2.356231e+01
9.535823999999932e-01	1.175152e+01	2.356354e+01
9.536523999999929e-01	1.175156e+01	2.356469e+01
9.537495428571353e-01	1.175162e+01	2.356621e+01
9.538466857142777e-01	1.175168e+01	2.356765e+01
9.539438285714201e-01	1.175174e+01	2.356903e+01
9.540409714285625e-01	1.175181e+01	2.357033e+01
9.541381142857049e-01	1.175187e+01	2.357156e+01
9.542352571428473e-01	1.175194e+01	2.357271e+01
9.543323999999898e-01	1.175201e+01	2.357380e+01
9.544681142857034e-01	1.175210e+01	2.357524e+01
9.546038285714171e-01	1.175220e+01	2.357660e+01
9.547395428571308e-01	1.175230e+01	2.357790e+01
9.548752571428444e-01	1.175240e+01	2.357913e+01
9.550109714285581e-01	1.175250e+01	2.358029e+01
9.551466857142717e-01	1.175260e+01	2.358138e+01
9.552823999999854e-01	1.175271e+01	2.358240e+01
9.554695428571275e-01	1.175285e+01	2.358373e+01
9.556566857142694e-01	1.175300e+01	2.358499e+01
9.558438285714115e-01	1.175315e+01	2.358619e+01
9.560309714285534e-01	1.175330e+01	2.358733e+01
9.562181142856955e-01	1.175345e+01	2.358839e+01
9.564052571428374e-01	1.175360e+01	2.358939e+01
9.565923999999795e-01	1.175376e+01	2.359033e+01
9.568466857142640e-01	1.175397e+01	2.359153e+01
9.571009714285486e-01	1.175418e+01	2.359267e+01
9.573552571428331e-01	1.175440e+01	2.359375e+01
9.576095428571177e-01	1.175461e+01	2.359477e+01
9.578638285714023e-01	1.175483e+01	2.359573e+01
9.581181142856868e-01	1.175505e+01	2.359662e+01
9.583723999999714e-01	1.175527e+01	2.359746e+01
9.587123999999698e-01	1.175557e+01	2.359851e+01
9.590523999999683e-01	1.175587e+01	2.359950e+01
9.593923999999667e-01	1.175616e+01	2.360044e+01
9.597323999999652e-01	1.175646e+01	2.360132e+01
9.600723999999636e-01	1.175676e+01	2.360215e+01
9.604123999999621e-01	1.175707e+01	2.360292e+01
9.607523999999605e-01	1.175737e+01	2.360364e+01
9.609823999999595e-01	1.175757e+01	2.360411e+01
9.614323999999574e-01	1.175797e+01	2.360496e+01
9.618823999999554e-01	1.175837e+01	2.360577e+01
9.623323999999533e-01	1.175877e+01	2.360653e+01
9.627823999999513e-01	1.175917e+01	2.360725e+01
9.632323999999493e-01	1.175957e+01	2.360791e+01
9.636823999999472e-01	1.175997e+01	2.360853e+01
9.641323999999452e-01	1.176037e+01	2.360909e+01
9.646952571427997e-01	1.176087e+01	2.360976e+01
9.652581142856543e-01	1.176136e+01	2.361039e+01
9.658209714285089e-01	1.176185e+01	2.361098e+01
9.663838285713635e-01	1.176234e+01	2.361152e+01
9.669466857142180e-01	1.176283e+01	2.361203e+01
9.675095428570727e-01	1.176332e+01	2.361250e+01
9.680723999999272e-01	1.176380e+01	2.361293e+01
9.685209714284966e-01	1.176418e+01	2.361326e+01
9.689695428570660e-01	1.176456e+01	2.361357e+01
9.694181142856354e-01	1.176494e+01	2.361387e+01
9.698666857142048e-01	1.176531e+01	2.361415e+01
9.703152571427741e-01	1.176569e+01	2.361442e+01
9.707638285713436e-01	1.176606e+01	2.361467e+01
9.712123999999129e-01	1.176643e+01	2.361491e+01
9.712223999999129e-01	1.176643e+01	2.361492e+01
9.719695428570524e-01	1.176704e+01	2.361529e+01
9.727166857141918e-01	1.176765e+01	2.361563e+01
9.734638285713313e-01	1.176824e+01	2.361596e+01
9.742109714284707e-01	1.176883e+01	2.361626e+01
9.749581142856102e-01	1.176942e+01	2.361653e+01
9.757052571427496e-01	1.176999e+01	2.361678e+01
9.764523999998891e-01	1.177057e+01	2.361701e+01
9.771666857141715e-01	1.177110e+01	2.361721e+01
9.778809714284540e-01	1.177164e+01	2.361741e+01
9.785952571427364e-01	1.177216e+01	2.361759e+01
9.793095428570190e-01	1.177268e+01	2.361775e+01
9.800238285713014e-01	1.177320e+01	2.361791e+01
9.807381142855839e-01	1.177370e+01	2.361805e+01
9.814523999998663e-01	1.177421e+01	2.361819e+01
9.814623999998663e-01	1.177421e+01	2.361819e+01
9.823552571427193e-01	1.177483e+01	2.361834e+01
9.832481142855725e-01	1.177544e+01	2.361848e+01
9.841409714284255e-01	1.177604e+01	2.361861e+01
9.850338285712786e-01	1.177663e+01	2.361873e+01
9.859266857141317e-01	1.177721e+01	2.361885e+01
9.868195428569848e-01	1.177778e+01	2.361895e+01
9.877123999998378e-01	1.177834e+01	2.361904e+01
9.882809714284067e-01	1.177869e+01	2.361909e+01
9.888495428569756e-01	1.177904e+01	2.361914e+01
9.894181142855444e-01	1.177938e+01	2.361919e+01
9.899866857141132e-01	1.177973e+01	2.361924e+01
9.905552571426820e-01	1.178006e+01	2.361928e+01
9.911238285712509e-01	1.178040e+01	2.361933e+01
9.916923999998197e-01	1.178073e+01	2.361937e+01
9.917023999998197e-01	1.178074e+01	2.361937e+01
9.926666857141010e-01	1.178129e+01	2.361943e+01
9.936309714283823e-01	1.178183e+01	2.361948e+01
9.945952571426636e-01	1.178236e+01	2.361954e+01
9.955595428569450e-01	1.178289e+01	2.361959e+01
9.965238285712263e-01	1.178340e+01	2.361963e+01
9.974881142855077e-01	1.178391e+01	2.361967e+01
9.984523999997890e-01	1.178440e+01	2.361971e+01
9.999923999997820e-01	1.178517e+01	2.361976e+01
1.000000000000000e+00	1.178518e+01	2.361976e+01
